idcliente;idusuario;tipo_comprobante;serie_comprobante;num_comprobante;fecha_hora;impuesto;total;estado;created_at;updated_at;requerimiento;descripcion_req;tiempo_inst_softw;idarticulo;cantidad;precio;descuento;fecha_proceso_proveedor;fecha_proceso_almacen;fecha_proceso_inst_softw;fecha_entrega;fecha_entrega_real;estado_entrega;dia_rand;hora_rand;dia_format_cero;observacion;prob_obs
177;234;BOLETA;000105;000105;2020-12-16 20:22:34;0.18;se hallara en el sitema;Registrado;2020-12-16 20:22:34;2020-12-16 20:22:34;;;;11;3;columna descartada ya que se obtiene con el idarticulo;0.00;si;columna descartada;realizar en el controlador;realizar en el controlador;15;Entregado; 16 ; 20:22:34 ;16;;3
158;235;FACTURA;000106;000106;2020-12-22 22:16:48;0.18;;Registrado;2020-12-22 22:16:48;2020-12-22 22:16:48;;;;14;12;;0.00;;si;;;4;Entregado; 22 ; 22:16:48 ;22;;7
146;234;BOLETA;000107;000107;2020-12-13 19:37:40;0.18;;Registrado;2020-12-13 19:37:40;2020-12-13 19:37:40;;;;20;12;;0.00;;si;;;18;Entregado; 13 ; 19:37:40 ;13;;2
145;235;BOLETA;000108;000108;2020-12-16 10:58:12;0.18;;Registrado;2020-12-16 10:58:12;2020-12-16 10:58:12;;;;25;4;;0.00;;si;;;16;Entregado; 16 ; 10:58:12 ;16;;18
155;234;FACTURA;000109;000109;2020-12-26 22:42:27;0.18;;Registrado;2020-12-26 22:42:27;2020-12-26 22:42:27;;;;16;5;;0.00;;si;;;7;Entregado; 26 ; 22:42:27 ;26;;4
129;234;FACTURA;000110;000110;2020-12-19 22:17:31;0.18;;Registrado;2020-12-19 22:17:31;2020-12-19 22:17:31;instalación software;Instalar Microsoft Office, Winrar, Antivirus, Nitro, Adobe Reader DC;1;10;9;;0.00;;si;;;11;Entregado; 19 ; 22:17:31 ;19;;19
179;234;FACTURA;000111;000111;2020-12-25 20:42:54;0.18;;Registrado;2020-12-25 20:42:54;2020-12-25 20:42:54;;;;16;14;;0.00;;si;;;2;Entregado; 25 ; 20:42:54 ;25;;5
204;235;BOLETA;000112;000112;2020-12-30 19:32:46;0.18;;Registrado;2020-12-30 19:32:46;2020-12-30 19:32:46;;;;17;11;;0.00;;si;;;8;Entregado; 30 ; 19:32:46 ;30;;17
222;235;BOLETA;000113;000113;2020-12-09 17:32:47;0.18;;Registrado;2020-12-09 17:32:47;2020-12-09 17:32:47;instalación software;Instalar Microsoft Office, Winrar, Antivirus, Nitro, Adobe Reader DC;1;10;8;;0.00;si;si;;;18;Entregado; 9 ; 17:32:47 ;09;;8
223;234;BOLETA;000114;000114;2020-12-22 21:56:36;0.18;;Registrado;2020-12-22 21:56:36;2020-12-22 21:56:36;;;;26;8;;0.00;;si;;;16;Entregado; 22 ; 21:56:36 ;22;;17
232;234;BOLETA;000115;000115;2020-12-07 22:12:31;0.18;;Registrado;2020-12-07 22:12:31;2020-12-07 22:12:31;;;;18;3;;0.00;;si;;;21;Entregado; 7 ; 22:12:31 ;07;;4
160;235;FACTURA;000116;000116;2020-12-14 9:42:32;0.18;;Registrado;2020-12-14 9:42:32;2020-12-14 9:42:32;;;;26;15;;0.00;;si;;;3;Entregado; 14 ; 9:42:32 ;14;;12
167;235;BOLETA;000117;000117;2020-12-08 14:48:45;0.18;;Registrado;2020-12-08 14:48:45;2020-12-08 14:48:45;;;;28;4;;0.00;;si;;;16;Entregado; 8 ; 14:48:45 ;08;;12
191;235;FACTURA;000118;000118;2020-12-12 21:40:10;0.18;;Registrado;2020-12-12 21:40:10;2020-12-12 21:40:10;;;;21;3;;0.00;;si;;;5;Entregado; 12 ; 21:40:10 ;12;;6
209;235;FACTURA;000119;000119;2020-12-28 17:46:13;0.18;;Registrado;2020-12-28 17:46:13;2020-12-28 17:46:13;;;;19;9;;0.00;;si;;;17;Entregado; 28 ; 17:46:13 ;28;;16
231;235;BOLETA;000120;000120;2020-12-03 19:50:53;0.18;;Registrado;2020-12-03 19:50:53;2020-12-03 19:50:53;;;;16;13;;0.00;si;si;;;4;Entregado; 3 ; 19:50:53 ;03;;6
157;235;BOLETA;000121;000121;2020-12-06 18:27:31;0.18;;Registrado;2020-12-06 18:27:31;2020-12-06 18:27:31;;;;24;3;;0.00;;si;;;24;Entregado; 6 ; 18:27:31 ;06;;13
167;234;BOLETA;000122;000122;2020-12-13 21:41:22;0.18;;Registrado;2020-12-13 21:41:22;2020-12-13 21:41:22;;;;28;12;;0.00;;si;;;23;Entregado; 13 ; 21:41:22 ;13;;19
201;234;BOLETA;000123;000123;2020-12-28 20:13:28;0.18;;Registrado;2020-12-28 20:13:28;2020-12-28 20:13:28;;;;11;5;;0.00;;si;;;15;Entregado; 28 ; 20:13:28 ;28;;5
220;234;FACTURA;000124;000124;2020-12-05 16:45:31;0.18;;Registrado;2020-12-05 16:45:31;2020-12-05 16:45:31;;;;12;15;;0.00;;si;;;9;Entregado; 5 ; 16:45:31 ;05;;6
223;234;BOLETA;000125;000125;2020-12-02 13:17:30;0.18;;Registrado;2020-12-02 13:17:30;2020-12-02 13:17:30;;;;14;6;;0.00;;si;;;20;Entregado; 2 ; 13:17:30 ;02;Producto dañado;1
168;234;FACTURA;000126;000126;2020-12-29 9:55:28;0.18;;Registrado;2020-12-29 9:55:28;2020-12-29 9:55:28;;;;11;12;;0.00;;si;;;16;Entregado; 29 ; 9:55:28 ;29;Producto dañado;1
225;235;BOLETA;000127;000127;2020-12-27 10:37:53;0.18;;Registrado;2020-12-27 10:37:53;2020-12-27 10:37:53;;;;29;8;;0.00;;si;;;11;Entregado; 27 ; 10:37:53 ;27;;12
218;235;BOLETA;000128;000128;2020-12-26 14:25:38;0.18;;Registrado;2020-12-26 14:25:38;2020-12-26 14:25:38;;;;12;9;;0.00;si;si;;;15;Entregado; 26 ; 14:25:38 ;26;;15
210;235;FACTURA;000129;000129;2020-12-27 14:46:54;0.18;;Registrado;2020-12-27 14:46:54;2020-12-27 14:46:54;;;;24;11;;0.00;;si;;;23;Entregado; 27 ; 14:46:54 ;27;;18
136;235;FACTURA;000130;000130;2020-12-30 12:56:57;0.18;;Registrado;2020-12-30 12:56:57;2020-12-30 12:56:57;;;;19;1;;0.00;;si;;;19;Entregado; 30 ; 12:56:57 ;30;;14
139;235;FACTURA;000131;000131;2020-12-18 14:44:19;0.18;;Registrado;2020-12-18 14:44:19;2020-12-18 14:44:19;;;;19;6;;0.00;;si;;;16;Entregado; 18 ; 14:44:19 ;18;;2
158;235;FACTURA;000132;000132;2020-12-05 11:51:28;0.18;;Registrado;2020-12-05 11:51:28;2020-12-05 11:51:28;;;;14;9;;0.00;si;si;;;12;Entregado; 5 ; 11:51:28 ;05;;11
165;234;FACTURA;000133;000133;2020-12-26 11:46:15;0.18;;Registrado;2020-12-26 11:46:15;2020-12-26 11:46:15;;;;17;14;;0.00;;si;;;5;Entregado; 26 ; 11:46:15 ;26;;17
206;234;BOLETA;000134;000134;2020-12-30 21:36:20;0.18;;Registrado;2020-12-30 21:36:20;2020-12-30 21:36:20;;;;13;13;;0.00;;si;;;14;Entregado; 30 ; 21:36:20 ;30;;18
137;235;BOLETA;000135;000135;2020-12-08 12:13:50;0.18;;Registrado;2020-12-08 12:13:50;2020-12-08 12:13:50;;;;17;6;;0.00;;si;;;2;Entregado; 8 ; 12:13:50 ;08;;16
177;234;FACTURA;000136;000136;2020-12-14 16:14:50;0.18;;Registrado;2020-12-14 16:14:50;2020-12-14 16:14:50;;;;22;12;;0.00;;si;;;15;Entregado; 14 ; 16:14:50 ;14;;16
131;234;FACTURA;000137;000137;2020-12-29 9:41:59;0.18;;Registrado;2020-12-29 9:41:59;2020-12-29 9:41:59;instalación software;Instalar Microsoft Office, Winrar, Antivirus, Nitro, Adobe Reader DC;1;9;2;;0.00;;si;;;15;Entregado; 29 ; 9:41:59 ;29;Producto defectuoso;1
200;234;BOLETA;000138;000138;2020-12-21 14:26:13;0.18;;Registrado;2020-12-21 14:26:13;2020-12-21 14:26:13;instalación software;Instalar Microsoft Office, Winrar, Antivirus, Nitro, Adobe Reader DC;1;9;6;;0.00;si;si;;;15;Entregado; 21 ; 14:26:13 ;21;;11
167;235;FACTURA;000139;000139;2020-12-14 15:24:45;0.18;;Registrado;2020-12-14 15:24:45;2020-12-14 15:24:45;;;;16;7;;0.00;;si;;;24;Entregado; 14 ; 15:24:45 ;14;;11
197;234;BOLETA;000140;000140;2020-12-14 17:37:13;0.18;;Registrado;2020-12-14 17:37:13;2020-12-14 17:37:13;instalación software;Instalar Microsoft Office, Winrar, Antivirus, Nitro, Adobe Reader DC;1;10;15;;0.00;;si;;;3;Entregado; 14 ; 17:37:13 ;14;;15
205;234;BOLETA;000141;000141;2020-12-06 13:36:36;0.18;;Registrado;2020-12-06 13:36:36;2020-12-06 13:36:36;;;;20;15;;0.00;;si;;;23;Entregado; 6 ; 13:36:36 ;06;;4
129;234;FACTURA;000142;000142;2020-12-31 13:13:30;0.18;;Registrado;2020-12-31 13:13:30;2020-12-31 13:13:30;;;;11;15;;0.00;si;si;;;5;Entregado; 31 ; 13:13:30 ;31;;9
158;235;BOLETA;000143;000143;2020-12-15 16:36:55;0.18;;Registrado;2020-12-15 16:36:55;2020-12-15 16:36:55;;;;12;11;;0.00;si;si;;;8;Entregado; 15 ; 16:36:55 ;15;;10
193;235;FACTURA;000144;000144;2020-12-28 16:46:47;0.18;;Registrado;2020-12-28 16:46:47;2020-12-28 16:46:47;instalación software;Instalar Microsoft Office, Winrar, Antivirus, Nitro, Adobe Reader DC;1;9;2;;0.00;;si;;;23;Entregado; 28 ; 16:46:47 ;28;;6
147;235;BOLETA;000145;000145;2020-12-21 20:39:18;0.18;;Registrado;2020-12-21 20:39:18;2020-12-21 20:39:18;;;;26;12;;0.00;;si;;;21;Entregado; 21 ; 20:39:18 ;21;;15
154;235;FACTURA;000146;000146;2020-12-27 12:46:11;0.18;;Registrado;2020-12-27 12:46:11;2020-12-27 12:46:11;;;;25;1;;0.00;;si;;;21;Entregado; 27 ; 12:46:11 ;27;Producto dañado;1
160;234;FACTURA;000147;000147;2020-12-11 15:32:49;0.18;;Registrado;2020-12-11 15:32:49;2020-12-11 15:32:49;instalación software;Instalar Microsoft Office, Winrar, Antivirus, Nitro, Adobe Reader DC;1;9;13;;0.00;;si;;;20;Entregado; 11 ; 15:32:49 ;11;;4
163;235;FACTURA;000148;000148;2020-12-31 13:41:21;0.18;;Registrado;2020-12-31 13:41:21;2020-12-31 13:41:21;;;;13;8;;0.00;;si;;;13;Entregado; 31 ; 13:41:21 ;31;;15
126;235;BOLETA;000149;000149;2020-12-21 13:44:17;0.18;;Registrado;2020-12-21 13:44:17;2020-12-21 13:44:17;;;;22;2;;0.00;;si;;;15;Entregado; 21 ; 13:44:17 ;21;;6
168;235;FACTURA;000150;000150;2020-12-07 12:43:59;0.18;;Registrado;2020-12-07 12:43:59;2020-12-07 12:43:59;;;;22;14;;0.00;;si;;;9;Entregado; 7 ; 12:43:59 ;07;;8
166;235;BOLETA;000151;000151;2020-12-14 9:40:15;0.18;;Registrado;2020-12-14 9:40:15;2020-12-14 9:40:15;;;;23;12;;0.00;;si;;;23;Entregado; 14 ; 9:40:15 ;14;;8
152;234;BOLETA;000152;000152;2020-12-20 10:23:50;0.18;;Registrado;2020-12-20 10:23:50;2020-12-20 10:23:50;instalación software;Instalar Microsoft Office, Winrar, Antivirus, Nitro, Adobe Reader DC;1;9;1;;0.00;;si;;;14;Entregado; 20 ; 10:23:50 ;20;;5
225;234;FACTURA;000153;000153;2020-12-07 11:15:39;0.18;;Registrado;2020-12-07 11:15:39;2020-12-07 11:15:39;;;;11;13;;0.00;;si;;;14;Entregado; 7 ; 11:15:39 ;07;;7
177;234;FACTURA;000154;000154;2020-12-22 9:38:11;0.18;;Registrado;2020-12-22 9:38:11;2020-12-22 9:38:11;;;;17;7;;0.00;;si;;;6;Entregado; 22 ; 9:38:11 ;22;;9
128;234;BOLETA;000155;000155;2020-12-02 9:55:56;0.18;;Registrado;2020-12-02 9:55:56;2020-12-02 9:55:56;;;;22;5;;0.00;;si;;;21;Entregado; 2 ; 9:55:56 ;02;;4
215;234;FACTURA;000156;000156;2020-12-19 21:14:51;0.18;;Registrado;2020-12-19 21:14:51;2020-12-19 21:14:51;;;;26;1;;0.00;;si;;;15;Entregado; 19 ; 21:14:51 ;19;;3
173;234;FACTURA;000157;000157;2020-12-10 18:54:18;0.18;;Registrado;2020-12-10 18:54:18;2020-12-10 18:54:18;;;;19;1;;0.00;;si;;;4;Entregado; 10 ; 18:54:18 ;10;;4
128;235;BOLETA;000158;000158;2020-12-08 18:23:29;0.18;;Registrado;2020-12-08 18:23:29;2020-12-08 18:23:29;;;;24;15;;0.00;;si;;;17;Entregado; 8 ; 18:23:29 ;08;;5
190;235;FACTURA;000159;000159;2020-12-13 19:26:59;0.18;;Registrado;2020-12-13 19:26:59;2020-12-13 19:26:59;;;;14;3;;0.00;;si;;;13;Entregado; 13 ; 19:26:59 ;13;;17
129;235;FACTURA;000160;000160;2020-12-05 13:12:52;0.18;;Registrado;2020-12-05 13:12:52;2020-12-05 13:12:52;instalación software;Instalar Microsoft Office, Winrar, Antivirus, Nitro, Adobe Reader DC;1;9;14;;0.00;;si;;;4;Entregado; 5 ; 13:12:52 ;05;;17
187;234;FACTURA;000161;000161;2020-12-24 11:58:35;0.18;;Registrado;2020-12-24 11:58:35;2020-12-24 11:58:35;;;;29;13;;0.00;;si;;;2;Entregado; 24 ; 11:58:35 ;24;;4
160;234;BOLETA;000162;000162;2020-12-23 21:39:51;0.18;;Registrado;2020-12-23 21:39:51;2020-12-23 21:39:51;;;;14;15;;0.00;;si;;;13;Entregado; 23 ; 21:39:51 ;23;;11
129;234;FACTURA;000163;000163;2020-12-02 10:17:40;0.18;;Registrado;2020-12-02 10:17:40;2020-12-02 10:17:40;;;;18;1;;0.00;;si;;;9;Entregado; 2 ; 10:17:40 ;02;Producto dañado;1
196;235;FACTURA;000164;000164;2020-12-18 14:11:48;0.18;;Registrado;2020-12-18 14:11:48;2020-12-18 14:11:48;;;;16;5;;0.00;;si;;;1;Entregado; 18 ; 14:11:48 ;18;;13
208;235;FACTURA;000165;000165;2020-12-04 18:50:36;0.18;;Registrado;2020-12-04 18:50:36;2020-12-04 18:50:36;;;;13;2;;0.00;;si;;;14;Entregado; 4 ; 18:50:36 ;04;;3
181;235;BOLETA;000166;000166;2020-12-12 19:17:27;0.18;;Registrado;2020-12-12 19:17:27;2020-12-12 19:17:27;;;;11;9;;0.00;;si;;;14;Entregado; 12 ; 19:17:27 ;12;;14
178;234;BOLETA;000167;000167;2020-12-06 13:26:58;0.18;;Registrado;2020-12-06 13:26:58;2020-12-06 13:26:58;;;;11;4;;0.00;;si;;;10;Entregado; 6 ; 13:26:58 ;06;;11
173;234;BOLETA;000168;000168;2020-12-09 11:38:13;0.18;;Registrado;2020-12-09 11:38:13;2020-12-09 11:38:13;;;;23;15;;0.00;;si;;;9;Entregado; 9 ; 11:38:13 ;09;;3
184;234;FACTURA;000169;000169;2020-12-05 18:54:51;0.18;;Registrado;2020-12-05 18:54:51;2020-12-05 18:54:51;;;;12;14;;0.00;;si;;;1;Entregado; 5 ; 18:54:51 ;05;;4
159;234;FACTURA;000170;000170;2020-12-28 21:24:17;0.18;;Registrado;2020-12-28 21:24:17;2020-12-28 21:24:17;;;;27;2;;0.00;;si;;;14;Entregado; 28 ; 21:24:17 ;28;;2
162;235;BOLETA;000171;000171;2020-12-15 15:10:55;0.18;;Registrado;2020-12-15 15:10:55;2020-12-15 15:10:55;;;;24;5;;0.00;;si;;;7;Entregado; 15 ; 15:10:55 ;15;;14
222;234;BOLETA;000172;000172;2020-12-26 14:11:39;0.18;;Registrado;2020-12-26 14:11:39;2020-12-26 14:11:39;;;;16;7;;0.00;;si;;;20;Entregado; 26 ; 14:11:39 ;26;Producto defectuoso;1
156;235;BOLETA;000173;000173;2020-12-01 19:59:29;0.18;;Registrado;2020-12-01 19:59:29;2020-12-01 19:59:29;;;;28;10;;0.00;;si;;;20;Entregado; 1 ; 19:59:29 ;01;;2
231;234;BOLETA;000174;000174;2020-12-19 16:58:54;0.18;;Registrado;2020-12-19 16:58:54;2020-12-19 16:58:54;;;;29;10;;0.00;;si;;;7;Entregado; 19 ; 16:58:54 ;19;;12
183;235;FACTURA;000175;000175;2020-12-31 19:21:26;0.18;;Registrado;2020-12-31 19:21:26;2020-12-31 19:21:26;instalación software;Instalar Microsoft Office, Winrar, Antivirus, Nitro, Adobe Reader DC;1;9;6;;0.00;;si;;;21;Entregado; 31 ; 19:21:26 ;31;;6
162;234;FACTURA;000176;000176;2020-12-02 15:14:43;0.18;;Registrado;2020-12-02 15:14:43;2020-12-02 15:14:43;instalación software;Instalar Microsoft Office, Winrar, Antivirus, Nitro, Adobe Reader DC;1;10;6;;0.00;;si;;;6;Entregado; 2 ; 15:14:43 ;02;;14
160;235;BOLETA;000177;000177;2020-12-25 16:46:31;0.18;;Registrado;2020-12-25 16:46:31;2020-12-25 16:46:31;;;;27;6;;0.00;;si;;;6;Entregado; 25 ; 16:46:31 ;25;;14
170;235;BOLETA;000178;000178;2020-12-06 22:32:54;0.18;;Registrado;2020-12-06 22:32:54;2020-12-06 22:32:54;;;;19;3;;0.00;;si;;;15;Entregado; 6 ; 22:32:54 ;06;;14
173;234;BOLETA;000179;000179;2020-12-02 11:35:45;0.18;;Registrado;2020-12-02 11:35:45;2020-12-02 11:35:45;;;;13;10;;0.00;;si;;;8;Entregado; 2 ; 11:35:45 ;02;;2
148;234;BOLETA;000180;000180;2020-12-27 12:59:30;0.18;;Registrado;2020-12-27 12:59:30;2020-12-27 12:59:30;;;;22;2;;0.00;si;si;;;20;Entregado; 27 ; 12:59:30 ;27;;15
150;235;BOLETA;000181;000181;2020-12-14 14:53:15;0.18;;Registrado;2020-12-14 14:53:15;2020-12-14 14:53:15;;;;11;4;;0.00;;si;;;24;Entregado; 14 ; 14:53:15 ;14;;6
205;234;FACTURA;000182;000182;2020-12-29 11:19:44;0.18;;Registrado;2020-12-29 11:19:44;2020-12-29 11:19:44;;;;21;13;;0.00;;si;;;9;Entregado; 29 ; 11:19:44 ;29;;10
210;234;BOLETA;000183;000183;2020-12-10 14:44:58;0.18;;Registrado;2020-12-10 14:44:58;2020-12-10 14:44:58;;;;27;14;;0.00;;si;;;19;Entregado; 10 ; 14:44:58 ;10;;7
173;235;BOLETA;000184;000184;2020-12-31 16:29:58;0.18;;Registrado;2020-12-31 16:29:58;2020-12-31 16:29:58;;;;29;3;;0.00;;si;;;20;Entregado; 31 ; 16:29:58 ;31;;7
213;235;FACTURA;000185;000185;2020-12-25 19:43:23;0.18;;Registrado;2020-12-25 19:43:23;2020-12-25 19:43:23;;;;14;11;;0.00;;si;;;11;Entregado; 25 ; 19:43:23 ;25;;19
204;235;FACTURA;000186;000186;2020-12-22 18:31:24;0.18;;Registrado;2020-12-22 18:31:24;2020-12-22 18:31:24;;;;25;8;;0.00;;si;;;8;Entregado; 22 ; 18:31:24 ;22;;2
187;234;BOLETA;000187;000187;2020-12-11 19:51:24;0.18;;Registrado;2020-12-11 19:51:24;2020-12-11 19:51:24;;;;26;2;;0.00;;si;;;5;Entregado; 11 ; 19:51:24 ;11;;16
156;235;BOLETA;000188;000188;2020-12-02 11:58:32;0.18;;Registrado;2020-12-02 11:58:32;2020-12-02 11:58:32;instalación software;Instalar Microsoft Office, Winrar, Antivirus, Nitro, Adobe Reader DC;1;10;7;;0.00;;si;;;24;Entregado; 2 ; 11:58:32 ;02;;3
230;234;FACTURA;000189;000189;2020-12-07 11:27:50;0.18;;Registrado;2020-12-07 11:27:50;2020-12-07 11:27:50;;;;22;8;;0.00;si;si;;;20;Entregado; 7 ; 11:27:50 ;07;;5
178;234;FACTURA;000190;000190;2020-12-28 16:30:24;0.18;;Registrado;2020-12-28 16:30:24;2020-12-28 16:30:24;;;;15;15;;0.00;;si;;;1;Entregado; 28 ; 16:30:24 ;28;;6
171;235;BOLETA;000191;000191;2020-12-07 13:51:33;0.18;;Registrado;2020-12-07 13:51:33;2020-12-07 13:51:33;;;;19;3;;0.00;;si;;;8;Entregado; 7 ; 13:51:33 ;07;;2
144;234;BOLETA;000192;000192;2020-12-19 13:54:17;0.18;;Registrado;2020-12-19 13:54:17;2020-12-19 13:54:17;;;;16;1;;0.00;;si;;;10;Entregado; 19 ; 13:54:17 ;19;;12
201;234;FACTURA;000193;000193;2020-12-09 21:41:31;0.18;;Registrado;2020-12-09 21:41:31;2020-12-09 21:41:31;;;;27;12;;0.00;;si;;;20;Entregado; 9 ; 21:41:31 ;09;;19
187;235;BOLETA;000194;000194;2020-12-04 16:48:25;0.18;;Registrado;2020-12-04 16:48:25;2020-12-04 16:48:25;;;;19;6;;0.00;;si;;;15;Entregado; 4 ; 16:48:25 ;04;;5
218;234;BOLETA;000195;000195;2020-12-01 14:36:55;0.18;;Registrado;2020-12-01 14:36:55;2020-12-01 14:36:55;;;;20;9;;0.00;;si;;;24;Entregado; 1 ; 14:36:55 ;01;;9
187;234;BOLETA;000196;000196;2020-12-18 19:48:35;0.18;;Registrado;2020-12-18 19:48:35;2020-12-18 19:48:35;;;;14;5;;0.00;;si;;;4;Entregado; 18 ; 19:48:35 ;18;;11
179;235;BOLETA;000197;000197;2020-12-14 20:45:17;0.18;;Registrado;2020-12-14 20:45:17;2020-12-14 20:45:17;;;;28;12;;0.00;;si;;;8;Entregado; 14 ; 20:45:17 ;14;;10
139;235;FACTURA;000198;000198;2020-12-16 17:22:54;0.18;;Registrado;2020-12-16 17:22:54;2020-12-16 17:22:54;;;;25;14;;0.00;;si;;;14;Entregado; 16 ; 17:22:54 ;16;;16
175;234;BOLETA;000199;000199;2020-12-31 9:27:56;0.18;;Registrado;2020-12-31 9:27:56;2020-12-31 9:27:56;;;;27;9;;0.00;si;si;;;1;Entregado; 31 ; 9:27:56 ;31;;7
156;234;FACTURA;000200;000200;2020-12-06 17:27:19;0.18;;Registrado;2020-12-06 17:27:19;2020-12-06 17:27:19;;;;21;14;;0.00;;si;;;24;Entregado; 6 ; 17:27:19 ;06;;17
160;234;BOLETA;000201;000201;2020-12-24 22:47:39;0.18;;Registrado;2020-12-24 22:47:39;2020-12-24 22:47:39;;;;11;14;;0.00;;si;;;8;Entregado; 24 ; 22:47:39 ;24;;11
221;235;FACTURA;000202;000202;2020-12-29 14:36:22;0.18;;Registrado;2020-12-29 14:36:22;2020-12-29 14:36:22;;;;26;2;;0.00;;si;;;8;Entregado; 29 ; 14:36:22 ;29;;2
174;234;FACTURA;000203;000203;2020-12-10 11:28:24;0.18;;Registrado;2020-12-10 11:28:24;2020-12-10 11:28:24;;;;13;10;;0.00;;si;;;1;Entregado; 10 ; 11:28:24 ;10;;12
192;234;BOLETA;000204;000204;2020-12-07 22:37:24;0.18;;Registrado;2020-12-07 22:37:24;2020-12-07 22:37:24;instalación software;Instalar Microsoft Office, Winrar, Antivirus, Nitro, Adobe Reader DC;1;9;8;;0.00;;si;;;12;Entregado; 7 ; 22:37:24 ;07;;15
212;235;FACTURA;000205;000205;2020-12-04 19:35:29;0.18;;Registrado;2020-12-04 19:35:29;2020-12-04 19:35:29;;;;11;15;;0.00;si;si;;;15;Entregado; 4 ; 19:35:29 ;04;;16
199;234;BOLETA;000206;000206;2020-12-02 13:23:46;0.18;;Registrado;2020-12-02 13:23:46;2020-12-02 13:23:46;;;;21;8;;0.00;;si;;;19;Entregado; 2 ; 13:23:46 ;02;;8
167;235;BOLETA;000207;000207;2020-12-26 15:26:14;0.18;;Registrado;2020-12-26 15:26:14;2020-12-26 15:26:14;instalación software;Instalar Microsoft Office, Winrar, Antivirus, Nitro, Adobe Reader DC;1;10;3;;0.00;;si;;;12;Entregado; 26 ; 15:26:14 ;26;;7
142;235;BOLETA;000208;000208;2020-12-16 11:18:28;0.18;;Registrado;2020-12-16 11:18:28;2020-12-16 11:18:28;instalación software;Instalar Microsoft Office, Winrar, Antivirus, Nitro, Adobe Reader DC;1;8;6;;0.00;;si;;;14;Entregado; 16 ; 11:18:28 ;16;;16
188;234;BOLETA;000209;000209;2020-12-29 16:32:33;0.18;;Registrado;2020-12-29 16:32:33;2020-12-29 16:32:33;;;;27;3;;0.00;si;si;;;6;Entregado; 29 ; 16:32:33 ;29;;8
231;234;FACTURA;000210;000210;2020-12-25 15:13:22;0.18;;Registrado;2020-12-25 15:13:22;2020-12-25 15:13:22;;;;20;4;;0.00;;si;;;19;Entregado; 25 ; 15:13:22 ;25;;8
186;234;BOLETA;000211;000211;2020-12-16 10:43:21;0.18;;Registrado;2020-12-16 10:43:21;2020-12-16 10:43:21;instalación software;Instalar Microsoft Office, Winrar, Antivirus, Nitro, Adobe Reader DC;1;9;10;;0.00;;si;;;18;Entregado; 16 ; 10:43:21 ;16;Producto dañado;1
220;234;FACTURA;000212;000212;2020-12-27 17:59:54;0.18;;Registrado;2020-12-27 17:59:54;2020-12-27 17:59:54;;;;23;12;;0.00;;si;;;9;Entregado; 27 ; 17:59:54 ;27;;11
149;235;BOLETA;000213;000213;2020-12-25 12:12:25;0.18;;Registrado;2020-12-25 12:12:25;2020-12-25 12:12:25;;;;22;1;;0.00;si;si;;;12;Entregado; 25 ; 12:12:25 ;25;;13
227;234;BOLETA;000214;000214;2020-12-21 22:14:28;0.18;;Registrado;2020-12-21 22:14:28;2020-12-21 22:14:28;;;;18;14;;0.00;;si;;;20;Entregado; 21 ; 22:14:28 ;21;;16
161;235;FACTURA;000215;000215;2020-12-30 16:41:32;0.18;;Registrado;2020-12-30 16:41:32;2020-12-30 16:41:32;;;;19;13;;0.00;si;si;;;7;Entregado; 30 ; 16:41:32 ;30;;17
185;235;FACTURA;000216;000216;2020-12-31 20:52:39;0.18;;Registrado;2020-12-31 20:52:39;2020-12-31 20:52:39;;;;28;14;;0.00;;si;;;21;Entregado; 31 ; 20:52:39 ;31;Producto dañado;1
178;234;BOLETA;000217;000217;2020-12-28 15:48:53;0.18;;Registrado;2020-12-28 15:48:53;2020-12-28 15:48:53;instalación software;Instalar Microsoft Office, Winrar, Antivirus, Nitro, Adobe Reader DC;1;8;1;;0.00;;si;;;1;Entregado; 28 ; 15:48:53 ;28;;8
167;234;BOLETA;000218;000218;2020-12-10 12:29:54;0.18;;Registrado;2020-12-10 12:29:54;2020-12-10 12:29:54;;;;14;7;;0.00;;si;;;4;Entregado; 10 ; 12:29:54 ;10;Producto defectuoso;1
230;235;FACTURA;000219;000219;2020-12-03 11:38:48;0.18;;Registrado;2020-12-03 11:38:48;2020-12-03 11:38:48;;;;29;4;;0.00;;si;;;3;Entregado; 3 ; 11:38:48 ;03;;8
196;235;FACTURA;000220;000220;2020-12-02 21:26:45;0.18;;Registrado;2020-12-02 21:26:45;2020-12-02 21:26:45;;;;28;14;;0.00;;si;;;16;Entregado; 2 ; 21:26:45 ;02;;17
172;235;FACTURA;000221;000221;2020-12-07 21:21:36;0.18;;Registrado;2020-12-07 21:21:36;2020-12-07 21:21:36;instalación software;Instalar Microsoft Office, Winrar, Antivirus, Nitro, Adobe Reader DC;1;8;7;;0.00;;si;;;11;Entregado; 7 ; 21:21:36 ;07;;2
221;234;BOLETA;000222;000222;2020-12-24 13:44:11;0.18;;Registrado;2020-12-24 13:44:11;2020-12-24 13:44:11;;;;27;7;;0.00;;si;;;8;Entregado; 24 ; 13:44:11 ;24;;19
166;234;BOLETA;000223;000223;2020-12-16 20:37:52;0.18;;Registrado;2020-12-16 20:37:52;2020-12-16 20:37:52;;;;14;9;;0.00;;si;;;1;Entregado; 16 ; 20:37:52 ;16;;14
136;235;FACTURA;000224;000224;2020-12-07 11:11:35;0.18;;Registrado;2020-12-07 11:11:35;2020-12-07 11:11:35;instalación software;Instalar Microsoft Office, Winrar, Antivirus, Nitro, Adobe Reader DC;1;10;14;;0.00;si;si;;;13;Entregado; 7 ; 11:11:35 ;07;;2
135;235;FACTURA;000225;000225;2020-12-20 16:55:28;0.18;;Registrado;2020-12-20 16:55:28;2020-12-20 16:55:28;;;;15;9;;0.00;;si;;;15;Entregado; 20 ; 16:55:28 ;20;;18
195;235;BOLETA;000226;000226;2020-12-27 9:29:57;0.18;;Registrado;2020-12-27 9:29:57;2020-12-27 9:29:57;;;;29;6;;0.00;;si;;;21;Entregado; 27 ; 9:29:57 ;27;;3
162;235;FACTURA;000227;000227;2020-12-31 22:21:29;0.18;;Registrado;2020-12-31 22:21:29;2020-12-31 22:21:29;;;;27;2;;0.00;si;si;;;13;Entregado; 31 ; 22:21:29 ;31;;3
178;234;BOLETA;000228;000228;2020-12-25 12:53:35;0.18;;Registrado;2020-12-25 12:53:35;2020-12-25 12:53:35;;;;28;3;;0.00;;si;;;19;Entregado; 25 ; 12:53:35 ;25;;16
167;235;BOLETA;000229;000229;2020-12-16 12:10:50;0.18;;Registrado;2020-12-16 12:10:50;2020-12-16 12:10:50;;;;13;12;;0.00;;si;;;8;Entregado; 16 ; 12:10:50 ;16;;12
210;234;FACTURA;000230;000230;2020-12-01 22:50:24;0.18;;Registrado;2020-12-01 22:50:24;2020-12-01 22:50:24;;;;19;12;;0.00;;si;;;15;Entregado; 1 ; 22:50:24 ;01;;4
208;234;BOLETA;000231;000231;2020-12-09 15:50:11;0.18;;Registrado;2020-12-09 15:50:11;2020-12-09 15:50:11;;;;22;7;;0.00;;si;;;10;Entregado; 9 ; 15:50:11 ;09;;5
228;235;BOLETA;000232;000232;2020-12-11 18:27:59;0.18;;Registrado;2020-12-11 18:27:59;2020-12-11 18:27:59;;;;21;10;;0.00;;si;;;2;Entregado; 11 ; 18:27:59 ;11;;2
219;235;BOLETA;000233;000233;2020-12-02 12:58:39;0.18;;Registrado;2020-12-02 12:58:39;2020-12-02 12:58:39;;;;22;5;;0.00;;si;;;4;Entregado; 2 ; 12:58:39 ;02;;11
194;234;FACTURA;000234;000234;2020-12-01 19:26:44;0.18;;Registrado;2020-12-01 19:26:44;2020-12-01 19:26:44;;;;20;6;;0.00;;si;;;3;Entregado; 1 ; 19:26:44 ;01;;7
154;235;BOLETA;000235;000235;2020-12-10 15:25:53;0.18;;Registrado;2020-12-10 15:25:53;2020-12-10 15:25:53;;;;11;10;;0.00;;si;;;12;Entregado; 10 ; 15:25:53 ;10;;13
130;235;FACTURA;000236;000236;2020-12-24 12:46:22;0.18;;Registrado;2020-12-24 12:46:22;2020-12-24 12:46:22;;;;28;4;;0.00;;si;;;23;Entregado; 24 ; 12:46:22 ;24;;15
180;235;BOLETA;000237;000237;2020-12-11 18:16:19;0.18;;Registrado;2020-12-11 18:16:19;2020-12-11 18:16:19;;;;21;8;;0.00;;si;;;14;Entregado; 11 ; 18:16:19 ;11;;9
139;235;BOLETA;000238;000238;2020-12-27 16:51:32;0.18;;Registrado;2020-12-27 16:51:32;2020-12-27 16:51:32;;;;18;12;;0.00;;si;;;23;Entregado; 27 ; 16:51:32 ;27;;19
228;235;FACTURA;000239;000239;2020-12-26 13:33:45;0.18;;Registrado;2020-12-26 13:33:45;2020-12-26 13:33:45;;;;22;5;;0.00;;si;;;8;Entregado; 26 ; 13:33:45 ;26;;13
183;235;BOLETA;000240;000240;2020-12-17 10:39:28;0.18;;Registrado;2020-12-17 10:39:28;2020-12-17 10:39:28;;;;25;15;;0.00;;si;;;16;Entregado; 17 ; 10:39:28 ;17;;19
155;235;BOLETA;000241;000241;2020-12-13 21:20:20;0.18;;Registrado;2020-12-13 21:20:20;2020-12-13 21:20:20;;;;12;13;;0.00;;si;;;15;Entregado; 13 ; 21:20:20 ;13;;14
173;234;BOLETA;000242;000242;2020-12-23 13:38:16;0.18;;Registrado;2020-12-23 13:38:16;2020-12-23 13:38:16;;;;17;10;;0.00;;si;;;22;Entregado; 23 ; 13:38:16 ;23;;17
209;234;FACTURA;000243;000243;2020-12-09 12:48:16;0.18;;Registrado;2020-12-09 12:48:16;2020-12-09 12:48:16;;;;19;11;;0.00;;si;;;19;Entregado; 9 ; 12:48:16 ;09;;6
152;234;BOLETA;000244;000244;2020-12-11 9:37:48;0.18;;Registrado;2020-12-11 9:37:48;2020-12-11 9:37:48;;;;17;6;;0.00;;si;;;24;Entregado; 11 ; 9:37:48 ;11;;13
171;234;BOLETA;000245;000245;2020-12-20 10:32:35;0.18;;Registrado;2020-12-20 10:32:35;2020-12-20 10:32:35;;;;28;13;;0.00;;si;;;20;Entregado; 20 ; 10:32:35 ;20;;14
145;234;BOLETA;000246;000246;2020-12-01 9:52:50;0.18;;Registrado;2020-12-01 9:52:50;2020-12-01 9:52:50;;;;27;5;;0.00;;si;;;14;Entregado; 1 ; 9:52:50 ;01;;7
200;234;FACTURA;000247;000247;2020-12-09 13:53:57;0.18;;Registrado;2020-12-09 13:53:57;2020-12-09 13:53:57;instalación software;Instalar Microsoft Office, Winrar, Antivirus, Nitro, Adobe Reader DC;1;10;1;;0.00;;si;;;23;Entregado; 9 ; 13:53:57 ;09;;16
166;234;BOLETA;000248;000248;2020-12-22 16:53:32;0.18;;Registrado;2020-12-22 16:53:32;2020-12-22 16:53:32;;;;23;13;;0.00;;si;;;17;Entregado; 22 ; 16:53:32 ;22;Producto dañado;1
161;235;BOLETA;000249;000249;2020-12-15 16:12:17;0.18;;Registrado;2020-12-15 16:12:17;2020-12-15 16:12:17;;;;14;8;;0.00;;si;;;3;Entregado; 15 ; 16:12:17 ;15;;8
167;234;BOLETA;000250;000250;2020-12-14 9:46:50;0.18;;Registrado;2020-12-14 9:46:50;2020-12-14 9:46:50;;;;21;9;;0.00;;si;;;18;Entregado; 14 ; 9:46:50 ;14;;11
132;235;BOLETA;000251;000251;2020-12-30 20:50:30;0.18;;Registrado;2020-12-30 20:50:30;2020-12-30 20:50:30;;;;15;11;;0.00;;si;;;18;Entregado; 30 ; 20:50:30 ;30;;8
188;234;BOLETA;000252;000252;2020-12-02 14:39:25;0.18;;Registrado;2020-12-02 14:39:25;2020-12-02 14:39:25;;;;15;5;;0.00;;si;;;19;Entregado; 2 ; 14:39:25 ;02;;7
191;235;BOLETA;000253;000253;2020-12-07 18:30:47;0.18;;Registrado;2020-12-07 18:30:47;2020-12-07 18:30:47;instalación software;Instalar Microsoft Office, Winrar, Antivirus, Nitro, Adobe Reader DC;1;8;15;;0.00;;si;;;5;Entregado; 7 ; 18:30:47 ;07;;5
231;235;FACTURA;000254;000254;2020-12-15 18:13:54;0.18;;Registrado;2020-12-15 18:13:54;2020-12-15 18:13:54;;;;29;10;;0.00;;si;;;9;Entregado; 15 ; 18:13:54 ;15;;2
177;234;BOLETA;000255;000255;2020-12-05 21:44:26;0.18;;Registrado;2020-12-05 21:44:26;2020-12-05 21:44:26;;;;19;15;;0.00;;si;;;9;Entregado; 5 ; 21:44:26 ;05;;16
190;235;FACTURA;000256;000256;2020-12-29 20:30:53;0.18;;Registrado;2020-12-29 20:30:53;2020-12-29 20:30:53;;;;15;10;;0.00;;si;;;11;Entregado; 29 ; 20:30:53 ;29;;7
147;234;BOLETA;000257;000257;2020-12-17 22:22:11;0.18;;Registrado;2020-12-17 22:22:11;2020-12-17 22:22:11;;;;22;5;;0.00;;si;;;1;Entregado; 17 ; 22:22:11 ;17;;19
214;235;FACTURA;000258;000258;2020-12-26 13:44:23;0.18;;Registrado;2020-12-26 13:44:23;2020-12-26 13:44:23;;;;25;3;;0.00;si;si;;;20;Entregado; 26 ; 13:44:23 ;26;;19
199;234;BOLETA;000259;000259;2020-12-25 22:36:19;0.18;;Registrado;2020-12-25 22:36:19;2020-12-25 22:36:19;;;;11;14;;0.00;;si;;;9;Entregado; 25 ; 22:36:19 ;25;;13
127;234;FACTURA;000260;000260;2020-12-10 22:51:12;0.18;;Registrado;2020-12-10 22:51:12;2020-12-10 22:51:12;;;;18;11;;0.00;;si;;;10;Entregado; 10 ; 22:51:12 ;10;;19
135;234;FACTURA;000261;000261;2020-12-28 22:36:54;0.18;;Registrado;2020-12-28 22:36:54;2020-12-28 22:36:54;instalación software;Instalar Microsoft Office, Winrar, Antivirus, Nitro, Adobe Reader DC;1;10;4;;0.00;;si;;;23;Entregado; 28 ; 22:36:54 ;28;;11
214;234;BOLETA;000262;000262;2020-12-27 12:23:52;0.18;;Registrado;2020-12-27 12:23:52;2020-12-27 12:23:52;instalación software;Instalar Microsoft Office, Winrar, Antivirus, Nitro, Adobe Reader DC;1;9;12;;0.00;si;si;;;12;Entregado; 27 ; 12:23:52 ;27;;18
157;235;FACTURA;000263;000263;2020-12-10 15:36:36;0.18;;Registrado;2020-12-10 15:36:36;2020-12-10 15:36:36;;;;23;1;;0.00;;si;;;9;Entregado; 10 ; 15:36:36 ;10;;18
217;234;FACTURA;000264;000264;2020-12-03 9:33:51;0.18;;Registrado;2020-12-03 9:33:51;2020-12-03 9:33:51;;;;22;13;;0.00;;si;;;12;Entregado; 3 ; 9:33:51 ;03;;11
187;234;BOLETA;000265;000265;2020-12-26 18:13:21;0.18;;Registrado;2020-12-26 18:13:21;2020-12-26 18:13:21;;;;17;3;;0.00;;si;;;2;Entregado; 26 ; 18:13:21 ;26;;9
148;234;BOLETA;000266;000266;2020-12-16 20:51:46;0.18;;Registrado;2020-12-16 20:51:46;2020-12-16 20:51:46;;;;24;10;;0.00;;si;;;10;Entregado; 16 ; 20:51:46 ;16;;9
185;234;FACTURA;000267;000267;2020-12-01 17:43:40;0.18;;Registrado;2020-12-01 17:43:40;2020-12-01 17:43:40;;;;25;2;;0.00;;si;;;24;Entregado; 1 ; 17:43:40 ;01;;2
174;235;FACTURA;000268;000268;2020-12-11 13:34:25;0.18;;Registrado;2020-12-11 13:34:25;2020-12-11 13:34:25;;;;26;1;;0.00;;si;;;2;Entregado; 11 ; 13:34:25 ;11;;19
203;235;FACTURA;000269;000269;2020-12-12 13:26:36;0.18;;Registrado;2020-12-12 13:26:36;2020-12-12 13:26:36;;;;18;15;;0.00;;si;;;1;Entregado; 12 ; 13:26:36 ;12;;16
147;235;FACTURA;000270;000270;2020-12-05 11:31:44;0.18;;Registrado;2020-12-05 11:31:44;2020-12-05 11:31:44;;;;29;6;;0.00;;si;;;24;Entregado; 5 ; 11:31:44 ;05;;8
201;234;BOLETA;000271;000271;2020-12-12 15:22:25;0.18;;Registrado;2020-12-12 15:22:25;2020-12-12 15:22:25;;;;21;9;;0.00;;si;;;13;Entregado; 12 ; 15:22:25 ;12;;3
161;235;FACTURA;000272;000272;2020-12-22 18:15:53;0.18;;Registrado;2020-12-22 18:15:53;2020-12-22 18:15:53;;;;27;13;;0.00;;si;;;15;Entregado; 22 ; 18:15:53 ;22;;13
168;234;FACTURA;000273;000273;2020-12-09 10:58:29;0.18;;Registrado;2020-12-09 10:58:29;2020-12-09 10:58:29;;;;25;8;;0.00;;si;;;15;Entregado; 9 ; 10:58:29 ;09;;4
137;235;BOLETA;000274;000274;2020-12-22 9:27:47;0.18;;Registrado;2020-12-22 9:27:47;2020-12-22 9:27:47;;;;25;10;;0.00;;si;;;5;Entregado; 22 ; 9:27:47 ;22;;17
220;234;FACTURA;000275;000275;2020-12-02 9:16:42;0.18;;Registrado;2020-12-02 9:16:42;2020-12-02 9:16:42;;;;16;11;;0.00;si;si;;;19;Entregado; 2 ; 9:16:42 ;02;;17
232;235;BOLETA;000276;000276;2020-12-29 16:44:22;0.18;;Registrado;2020-12-29 16:44:22;2020-12-29 16:44:22;;;;19;8;;0.00;;si;;;2;Entregado; 29 ; 16:44:22 ;29;;2
126;234;FACTURA;000277;000277;2020-12-26 10:53:11;0.18;;Registrado;2020-12-26 10:53:11;2020-12-26 10:53:11;;;;11;12;;0.00;;si;;;23;Entregado; 26 ; 10:53:11 ;26;;2
195;235;BOLETA;000278;000278;2020-12-29 18:59:47;0.18;;Registrado;2020-12-29 18:59:47;2020-12-29 18:59:47;instalación software;Instalar Microsoft Office, Winrar, Antivirus, Nitro, Adobe Reader DC;1;8;15;;0.00;si;si;;;14;Entregado; 29 ; 18:59:47 ;29;;7
201;234;BOLETA;000279;000279;2020-12-13 18:35:46;0.18;;Registrado;2020-12-13 18:35:46;2020-12-13 18:35:46;;;;11;6;;0.00;;si;;;15;Entregado; 13 ; 18:35:46 ;13;;8
176;234;BOLETA;000280;000280;2020-12-25 12:31:39;0.18;;Registrado;2020-12-25 12:31:39;2020-12-25 12:31:39;;;;19;4;;0.00;;si;;;15;Entregado; 25 ; 12:31:39 ;25;;8
211;235;BOLETA;000281;000281;2020-12-02 9:54:15;0.18;;Registrado;2020-12-02 9:54:15;2020-12-02 9:54:15;;;;14;13;;0.00;si;si;;;4;Entregado; 2 ; 9:54:15 ;02;;13
154;234;BOLETA;000282;000282;2020-12-21 19:22:11;0.18;;Registrado;2020-12-21 19:22:11;2020-12-21 19:22:11;;;;28;12;;0.00;;si;;;7;Entregado; 21 ; 19:22:11 ;21;;3
148;235;BOLETA;000283;000283;2020-12-25 20:54:35;0.18;;Registrado;2020-12-25 20:54:35;2020-12-25 20:54:35;;;;22;14;;0.00;;si;;;5;Entregado; 25 ; 20:54:35 ;25;;13
149;234;BOLETA;000284;000284;2020-12-28 20:33:15;0.18;;Registrado;2020-12-28 20:33:15;2020-12-28 20:33:15;;;;16;6;;0.00;;si;;;24;Entregado; 28 ; 20:33:15 ;28;;16
141;234;BOLETA;000285;000285;2020-12-07 18:34:54;0.18;;Registrado;2020-12-07 18:34:54;2020-12-07 18:34:54;;;;19;3;;0.00;;si;;;20;Entregado; 7 ; 18:34:54 ;07;;10
179;234;FACTURA;000286;000286;2020-12-18 13:28:50;0.18;;Registrado;2020-12-18 13:28:50;2020-12-18 13:28:50;;;;26;12;;0.00;;si;;;25;Entregado; 18 ; 13:28:50 ;18;;3
212;235;FACTURA;000287;000287;2020-12-07 10:36:51;0.18;;Registrado;2020-12-07 10:36:51;2020-12-07 10:36:51;instalación software;Instalar Microsoft Office, Winrar, Antivirus, Nitro, Adobe Reader DC;1;9;12;;0.00;;si;;;2;Entregado; 7 ; 10:36:51 ;07;;12
159;235;BOLETA;000288;000288;2020-12-31 21:56:23;0.18;;Registrado;2020-12-31 21:56:23;2020-12-31 21:56:23;instalación software;Instalar Microsoft Office, Winrar, Antivirus, Nitro, Adobe Reader DC;1;9;9;;0.00;si;si;;;8;Entregado; 31 ; 21:56:23 ;31;;10
231;234;FACTURA;000289;000289;2020-12-17 11:19:37;0.18;;Registrado;2020-12-17 11:19:37;2020-12-17 11:19:37;;;;25;11;;0.00;;si;;;5;Entregado; 17 ; 11:19:37 ;17;;15
135;235;FACTURA;000290;000290;2020-12-16 10:35:49;0.18;;Registrado;2020-12-16 10:35:49;2020-12-16 10:35:49;;;;27;12;;0.00;;si;;;6;Entregado; 16 ; 10:35:49 ;16;;12
158;234;BOLETA;000291;000291;2020-12-27 18:47:33;0.18;;Registrado;2020-12-27 18:47:33;2020-12-27 18:47:33;;;;18;2;;0.00;si;si;;;17;Entregado; 27 ; 18:47:33 ;27;;2
178;234;BOLETA;000292;000292;2020-12-22 9:56:18;0.18;;Registrado;2020-12-22 9:56:18;2020-12-22 9:56:18;;;;15;15;;0.00;;si;;;20;Entregado; 22 ; 9:56:18 ;22;;7
200;234;FACTURA;000293;000293;2020-12-27 20:17:55;0.18;;Registrado;2020-12-27 20:17:55;2020-12-27 20:17:55;;;;27;2;;0.00;;si;;;5;Entregado; 27 ; 20:17:55 ;27;Producto dañado;1
179;234;BOLETA;000294;000294;2020-12-26 17:14:25;0.18;;Registrado;2020-12-26 17:14:25;2020-12-26 17:14:25;;;;29;10;;0.00;;si;;;8;Entregado; 26 ; 17:14:25 ;26;;4
131;234;BOLETA;000295;000295;2021-01-28 15:46:18;0.18;;Registrado;2021-01-28 15:46:18;2021-01-28 15:46:18;;;;29;14;;0.00;;si;;;17;Entregado; 28 ; 15:46:18 ;28;;7
126;234;BOLETA;000296;000296;2021-01-26 21:42:55;0.18;;Registrado;2021-01-26 21:42:55;2021-01-26 21:42:55;;;;14;8;;0.00;;si;;;22;Entregado; 26 ; 21:42:55 ;26;;11
186;235;BOLETA;000297;000297;2021-01-14 13:26:54;0.18;;Registrado;2021-01-14 13:26:54;2021-01-14 13:26:54;;;;15;12;;0.00;;si;;;11;Entregado; 14 ; 13:26:54 ;14;;11
155;234;FACTURA;000298;000298;2021-01-31 16:10:52;0.18;;Registrado;2021-01-31 16:10:52;2021-01-31 16:10:52;;;;29;13;;0.00;;si;;;24;Entregado; 31 ; 16:10:52 ;31;;4
205;234;FACTURA;000299;000299;2021-01-01 12:51:19;0.18;;Registrado;2021-01-01 12:51:19;2021-01-01 12:51:19;;;;15;11;;0.00;;si;;;8;Entregado; 1 ; 12:51:19 ;01;;13
206;234;FACTURA;000300;000300;2021-01-02 21:45:16;0.18;;Registrado;2021-01-02 21:45:16;2021-01-02 21:45:16;;;;26;12;;0.00;;si;;;17;Entregado; 2 ; 21:45:16 ;02;Producto defectuoso;1
197;235;FACTURA;000301;000301;2021-01-08 9:58:59;0.18;;Registrado;2021-01-08 9:58:59;2021-01-08 9:58:59;;;;11;13;;0.00;;si;;;2;Entregado; 8 ; 9:58:59 ;08;;6
208;234;BOLETA;000302;000302;2021-01-29 18:57:22;0.18;;Registrado;2021-01-29 18:57:22;2021-01-29 18:57:22;;;;16;12;;0.00;;si;;;23;Entregado; 29 ; 18:57:22 ;29;;17
171;234;FACTURA;000303;000303;2021-01-08 16:14:43;0.18;;Registrado;2021-01-08 16:14:43;2021-01-08 16:14:43;instalación software;Instalar Microsoft Office, Winrar, Antivirus, Nitro, Adobe Reader DC;1;10;3;;0.00;;si;;;10;Entregado; 8 ; 16:14:43 ;08;;9
163;234;BOLETA;000304;000304;2021-01-06 10:18:49;0.18;;Registrado;2021-01-06 10:18:49;2021-01-06 10:18:49;;;;16;1;;0.00;;si;;;5;Entregado; 6 ; 10:18:49 ;06;;13
169;234;FACTURA;000305;000305;2021-01-26 20:29:41;0.18;;Registrado;2021-01-26 20:29:41;2021-01-26 20:29:41;;;;23;1;;0.00;;si;;;20;Entregado; 26 ; 20:29:41 ;26;;19
192;235;BOLETA;000306;000306;2021-01-13 13:45:36;0.18;;Registrado;2021-01-13 13:45:36;2021-01-13 13:45:36;;;;25;5;;0.00;;si;;;10;Entregado; 13 ; 13:45:36 ;13;;9
141;234;FACTURA;000307;000307;2021-01-27 20:19:18;0.18;;Registrado;2021-01-27 20:19:18;2021-01-27 20:19:18;;;;19;9;;0.00;;si;;;2;Entregado; 27 ; 20:19:18 ;27;;17
164;235;BOLETA;000308;000308;2021-01-02 18:49:16;0.18;;Registrado;2021-01-02 18:49:16;2021-01-02 18:49:16;;;;26;8;;0.00;;si;;;21;Entregado; 2 ; 18:49:16 ;02;;9
177;235;BOLETA;000309;000309;2021-01-14 12:21:32;0.18;;Registrado;2021-01-14 12:21:32;2021-01-14 12:21:32;;;;29;15;;0.00;;si;;;16;Entregado; 14 ; 12:21:32 ;14;;5
228;234;BOLETA;000310;000310;2021-01-15 15:20:15;0.18;;Registrado;2021-01-15 15:20:15;2021-01-15 15:20:15;;;;20;5;;0.00;;si;;;13;Entregado; 15 ; 15:20:15 ;15;;7
199;235;BOLETA;000311;000311;2021-01-17 18:57:24;0.18;;Registrado;2021-01-17 18:57:24;2021-01-17 18:57:24;;;;11;13;;0.00;;si;;;7;Entregado; 17 ; 18:57:24 ;17;;12
140;235;BOLETA;000312;000312;2021-01-05 12:55:34;0.18;;Registrado;2021-01-05 12:55:34;2021-01-05 12:55:34;;;;19;14;;0.00;;si;;;12;Entregado; 5 ; 12:55:34 ;05;;5
190;235;FACTURA;000313;000313;2021-01-20 16:14:25;0.18;;Registrado;2021-01-20 16:14:25;2021-01-20 16:14:25;;;;13;11;;0.00;si;si;;;17;Entregado; 20 ; 16:14:25 ;20;;2
151;235;FACTURA;000314;000314;2021-01-18 17:27:40;0.18;;Registrado;2021-01-18 17:27:40;2021-01-18 17:27:40;;;;18;1;;0.00;;si;;;20;Entregado; 18 ; 17:27:40 ;18;;8
138;235;BOLETA;000315;000315;2021-01-05 19:16:38;0.18;;Registrado;2021-01-05 19:16:38;2021-01-05 19:16:38;;;;19;9;;0.00;;si;;;21;Entregado; 5 ; 19:16:38 ;05;;4
154;234;BOLETA;000316;000316;2021-01-19 21:18:28;0.18;;Registrado;2021-01-19 21:18:28;2021-01-19 21:18:28;;;;16;4;;0.00;;si;;;19;Entregado; 19 ; 21:18:28 ;19;;8
175;235;FACTURA;000317;000317;2021-01-12 20:10:44;0.18;;Registrado;2021-01-12 20:10:44;2021-01-12 20:10:44;instalación software;Instalar Microsoft Office, Winrar, Antivirus, Nitro, Adobe Reader DC;1;8;4;;0.00;;si;;;18;Entregado; 12 ; 20:10:44 ;12;;11
164;235;FACTURA;000318;000318;2021-01-29 22:16:54;0.18;;Registrado;2021-01-29 22:16:54;2021-01-29 22:16:54;;;;17;5;;0.00;;si;;;4;Entregado; 29 ; 22:16:54 ;29;;11
223;234;BOLETA;000319;000319;2021-01-16 20:27:46;0.18;;Registrado;2021-01-16 20:27:46;2021-01-16 20:27:46;;;;25;15;;0.00;si;si;;;14;Entregado; 16 ; 20:27:46 ;16;;6
134;235;FACTURA;000320;000320;2021-01-14 17:22:52;0.18;;Registrado;2021-01-14 17:22:52;2021-01-14 17:22:52;;;;12;14;;0.00;;si;;;7;Entregado; 14 ; 17:22:52 ;14;;7
152;234;FACTURA;000321;000321;2021-01-16 15:40:38;0.18;;Registrado;2021-01-16 15:40:38;2021-01-16 15:40:38;;;;14;2;;0.00;;si;;;11;Entregado; 16 ; 15:40:38 ;16;;5
173;235;BOLETA;000322;000322;2021-01-08 12:30:45;0.18;;Registrado;2021-01-08 12:30:45;2021-01-08 12:30:45;;;;15;2;;0.00;;si;;;12;Entregado; 8 ; 12:30:45 ;08;;5
187;235;BOLETA;000323;000323;2021-01-14 14:41:11;0.18;;Registrado;2021-01-14 14:41:11;2021-01-14 14:41:11;;;;26;13;;0.00;;si;;;14;Entregado; 14 ; 14:41:11 ;14;;10
232;235;FACTURA;000324;000324;2021-01-19 22:23:11;0.18;;Registrado;2021-01-19 22:23:11;2021-01-19 22:23:11;;;;29;2;;0.00;;si;;;4;Entregado; 19 ; 22:23:11 ;19;;10
191;235;FACTURA;000325;000325;2021-01-07 20:52:23;0.18;;Registrado;2021-01-07 20:52:23;2021-01-07 20:52:23;;;;11;15;;0.00;;si;;;24;Entregado; 7 ; 20:52:23 ;07;;16
150;235;BOLETA;000326;000326;2021-01-14 13:30:34;0.18;;Registrado;2021-01-14 13:30:34;2021-01-14 13:30:34;;;;29;3;;0.00;;si;;;5;Entregado; 14 ; 13:30:34 ;14;;6
170;235;FACTURA;000327;000327;2021-01-31 10:26:26;0.18;;Registrado;2021-01-31 10:26:26;2021-01-31 10:26:26;;;;17;7;;0.00;;si;;;6;Entregado; 31 ; 10:26:26 ;31;Producto defectuoso;1
156;235;BOLETA;000328;000328;2021-01-13 14:42:46;0.18;;Registrado;2021-01-13 14:42:46;2021-01-13 14:42:46;instalación software;Instalar Microsoft Office, Winrar, Antivirus, Nitro, Adobe Reader DC;1;9;12;;0.00;;si;;;8;Entregado; 13 ; 14:42:46 ;13;;8
193;234;FACTURA;000329;000329;2021-01-23 22:10:24;0.18;;Registrado;2021-01-23 22:10:24;2021-01-23 22:10:24;;;;19;1;;0.00;si;si;;;24;Entregado; 23 ; 22:10:24 ;23;Producto defectuoso;1
167;235;BOLETA;000330;000330;2021-01-31 15:20:33;0.18;;Registrado;2021-01-31 15:20:33;2021-01-31 15:20:33;;;;26;3;;0.00;;si;;;15;Entregado; 31 ; 15:20:33 ;31;;10
127;234;FACTURA;000331;000331;2021-01-31 19:28:46;0.18;;Registrado;2021-01-31 19:28:46;2021-01-31 19:28:46;;;;28;10;;0.00;;si;;;17;Entregado; 31 ; 19:28:46 ;31;;2
219;235;FACTURA;000332;000332;2021-01-26 11:21:45;0.18;;Registrado;2021-01-26 11:21:45;2021-01-26 11:21:45;;;;27;13;;0.00;;si;;;6;Entregado; 26 ; 11:21:45 ;26;;18
130;235;BOLETA;000333;000333;2021-01-18 20:14:20;0.18;;Registrado;2021-01-18 20:14:20;2021-01-18 20:14:20;;;;18;1;;0.00;;si;;;13;Entregado; 18 ; 20:14:20 ;18;;15
131;235;FACTURA;000334;000334;2021-01-05 15:52:55;0.18;;Registrado;2021-01-05 15:52:55;2021-01-05 15:52:55;;;;18;1;;0.00;;si;;;14;Entregado; 5 ; 15:52:55 ;05;;5
143;235;BOLETA;000335;000335;2021-01-25 13:31:48;0.18;;Registrado;2021-01-25 13:31:48;2021-01-25 13:31:48;;;;12;12;;0.00;;si;;;4;Entregado; 25 ; 13:31:48 ;25;;10
182;235;FACTURA;000336;000336;2021-01-06 9:29:17;0.18;;Registrado;2021-01-06 9:29:17;2021-01-06 9:29:17;;;;19;1;;0.00;;si;;;8;Entregado; 6 ; 9:29:17 ;06;;19
143;235;FACTURA;000337;000337;2021-01-15 19:13:19;0.18;;Registrado;2021-01-15 19:13:19;2021-01-15 19:13:19;;;;24;4;;0.00;;si;;;10;Entregado; 15 ; 19:13:19 ;15;;2
157;235;BOLETA;000338;000338;2021-01-08 19:11:35;0.18;;Registrado;2021-01-08 19:11:35;2021-01-08 19:11:35;instalación software;Instalar Microsoft Office, Winrar, Antivirus, Nitro, Adobe Reader DC;1;8;14;;0.00;;si;;;17;Entregado; 8 ; 19:11:35 ;08;;16
226;235;BOLETA;000339;000339;2021-01-23 16:40:35;0.18;;Registrado;2021-01-23 16:40:35;2021-01-23 16:40:35;instalación software;Instalar Microsoft Office, Winrar, Antivirus, Nitro, Adobe Reader DC;1;8;5;;0.00;;si;;;23;Entregado; 23 ; 16:40:35 ;23;;4
140;234;FACTURA;000340;000340;2021-01-19 13:18:27;0.18;;Registrado;2021-01-19 13:18:27;2021-01-19 13:18:27;;;;20;5;;0.00;;si;;;21;Entregado; 19 ; 13:18:27 ;19;;15
188;235;BOLETA;000341;000341;2021-01-13 17:21:56;0.18;;Registrado;2021-01-13 17:21:56;2021-01-13 17:21:56;;;;17;4;;0.00;;si;;;7;Entregado; 13 ; 17:21:56 ;13;;9
126;235;BOLETA;000342;000342;2021-01-16 21:17:45;0.18;;Registrado;2021-01-16 21:17:45;2021-01-16 21:17:45;instalación software;Instalar Microsoft Office, Winrar, Antivirus, Nitro, Adobe Reader DC;1;10;12;;0.00;;si;;;15;Entregado; 16 ; 21:17:45 ;16;;3
169;235;FACTURA;000343;000343;2021-01-20 21:18:29;0.18;;Registrado;2021-01-20 21:18:29;2021-01-20 21:18:29;;;;18;11;;0.00;;si;;;20;Entregado; 20 ; 21:18:29 ;20;;5
183;234;BOLETA;000344;000344;2021-01-23 10:47:48;0.18;;Registrado;2021-01-23 10:47:48;2021-01-23 10:47:48;;;;11;4;;0.00;;si;;;3;Entregado; 23 ; 10:47:48 ;23;;17
231;235;BOLETA;000345;000345;2021-01-05 10:28:44;0.18;;Registrado;2021-01-05 10:28:44;2021-01-05 10:28:44;instalación software;Instalar Microsoft Office, Winrar, Antivirus, Nitro, Adobe Reader DC;1;8;14;;0.00;;si;;;4;Entregado; 5 ; 10:28:44 ;05;;6
204;234;FACTURA;000346;000346;2021-01-29 13:46:48;0.18;;Registrado;2021-01-29 13:46:48;2021-01-29 13:46:48;;;;25;14;;0.00;;si;;;4;Entregado; 29 ; 13:46:48 ;29;;17
145;235;FACTURA;000347;000347;2021-01-08 17:39:52;0.18;;Registrado;2021-01-08 17:39:52;2021-01-08 17:39:52;instalación software;Instalar Microsoft Office, Winrar, Antivirus, Nitro, Adobe Reader DC;1;10;9;;0.00;;si;;;25;Entregado; 8 ; 17:39:52 ;08;Producto defectuoso;1
229;235;BOLETA;000348;000348;2021-01-02 12:12:19;0.18;;Registrado;2021-01-02 12:12:19;2021-01-02 12:12:19;;;;11;4;;0.00;;si;;;5;Entregado; 2 ; 12:12:19 ;02;;6
204;235;BOLETA;000349;000349;2021-01-09 17:30:38;0.18;;Registrado;2021-01-09 17:30:38;2021-01-09 17:30:38;;;;22;7;;0.00;;si;;;8;Entregado; 9 ; 17:30:38 ;09;;2
203;235;FACTURA;000350;000350;2021-01-03 14:36:42;0.18;;Registrado;2021-01-03 14:36:42;2021-01-03 14:36:42;;;;24;14;;0.00;si;si;;;13;Entregado; 3 ; 14:36:42 ;03;Producto defectuoso;1
172;234;BOLETA;000351;000351;2021-01-14 13:30:36;0.18;;Registrado;2021-01-14 13:30:36;2021-01-14 13:30:36;;;;18;5;;0.00;;si;;;25;Entregado; 14 ; 13:30:36 ;14;;6
162;234;FACTURA;000352;000352;2021-01-28 10:38:25;0.18;;Registrado;2021-01-28 10:38:25;2021-01-28 10:38:25;;;;16;14;;0.00;;si;;;21;Entregado; 28 ; 10:38:25 ;28;;18
144;234;FACTURA;000353;000353;2021-01-30 17:33:41;0.18;;Registrado;2021-01-30 17:33:41;2021-01-30 17:33:41;;;;19;1;;0.00;;si;;;7;Entregado; 30 ; 17:33:41 ;30;;12
173;234;FACTURA;000354;000354;2021-01-02 10:49:53;0.18;;Registrado;2021-01-02 10:49:53;2021-01-02 10:49:53;;;;28;5;;0.00;;si;;;25;Entregado; 2 ; 10:49:53 ;02;Producto defectuoso;1
138;234;BOLETA;000355;000355;2021-01-12 19:25:32;0.18;;Registrado;2021-01-12 19:25:32;2021-01-12 19:25:32;;;;20;14;;0.00;;si;;;6;Entregado; 12 ; 19:25:32 ;12;;10
157;234;FACTURA;000356;000356;2021-01-30 16:15:14;0.18;;Registrado;2021-01-30 16:15:14;2021-01-30 16:15:14;;;;29;3;;0.00;;si;;;8;Entregado; 30 ; 16:15:14 ;30;;14
130;234;FACTURA;000357;000357;2021-01-20 20:30:25;0.18;;Registrado;2021-01-20 20:30:25;2021-01-20 20:30:25;;;;20;14;;0.00;;si;;;5;Entregado; 20 ; 20:30:25 ;20;;12
172;234;BOLETA;000358;000358;2021-01-18 22:32:14;0.18;;Registrado;2021-01-18 22:32:14;2021-01-18 22:32:14;;;;25;14;;0.00;;si;;;3;Entregado; 18 ; 22:32:14 ;18;;10
184;235;FACTURA;000359;000359;2021-01-02 22:31:44;0.18;;Registrado;2021-01-02 22:31:44;2021-01-02 22:31:44;instalación software;Instalar Microsoft Office, Winrar, Antivirus, Nitro, Adobe Reader DC;1;10;14;;0.00;;si;;;16;Entregado; 2 ; 22:31:44 ;02;;9
208;234;BOLETA;000360;000360;2021-01-22 16:36:27;0.18;;Registrado;2021-01-22 16:36:27;2021-01-22 16:36:27;;;;18;7;;0.00;;si;;;15;Entregado; 22 ; 16:36:27 ;22;;11
216;235;BOLETA;000361;000361;2021-01-25 21:23:11;0.18;;Registrado;2021-01-25 21:23:11;2021-01-25 21:23:11;;;;29;5;;0.00;;si;;;4;Entregado; 25 ; 21:23:11 ;25;;15
141;234;FACTURA;000362;000362;2021-01-01 22:54:21;0.18;;Registrado;2021-01-01 22:54:21;2021-01-01 22:54:21;;;;22;12;;0.00;;si;;;13;Entregado; 1 ; 22:54:21 ;01;;17
160;234;BOLETA;000363;000363;2021-01-27 22:53:13;0.18;;Registrado;2021-01-27 22:53:13;2021-01-27 22:53:13;;;;21;1;;0.00;;si;;;16;Entregado; 27 ; 22:53:13 ;27;;5
228;235;FACTURA;000364;000364;2021-01-20 15:27:40;0.18;;Registrado;2021-01-20 15:27:40;2021-01-20 15:27:40;;;;28;6;;0.00;;si;;;10;Entregado; 20 ; 15:27:40 ;20;;4
163;234;FACTURA;000365;000365;2021-01-08 14:25:50;0.18;;Registrado;2021-01-08 14:25:50;2021-01-08 14:25:50;;;;29;15;;0.00;;si;;;7;Entregado; 8 ; 14:25:50 ;08;;5
200;234;BOLETA;000366;000366;2021-01-26 9:44:54;0.18;;Registrado;2021-01-26 9:44:54;2021-01-26 9:44:54;;;;24;5;;0.00;;si;;;1;Entregado; 26 ; 9:44:54 ;26;;18
197;235;FACTURA;000367;000367;2021-01-15 10:34:55;0.18;;Registrado;2021-01-15 10:34:55;2021-01-15 10:34:55;instalación software;Instalar Microsoft Office, Winrar, Antivirus, Nitro, Adobe Reader DC;1;9;1;;0.00;;si;;;13;Entregado; 15 ; 10:34:55 ;15;;13
228;234;BOLETA;000368;000368;2021-01-02 16:28:54;0.18;;Registrado;2021-01-02 16:28:54;2021-01-02 16:28:54;;;;22;7;;0.00;;si;;;6;Entregado; 2 ; 16:28:54 ;02;;3
220;235;FACTURA;000369;000369;2021-01-25 21:11:27;0.18;;Registrado;2021-01-25 21:11:27;2021-01-25 21:11:27;;;;16;11;;0.00;;si;;;8;Entregado; 25 ; 21:11:27 ;25;;13
197;234;FACTURA;000370;000370;2021-01-23 12:28:48;0.18;;Registrado;2021-01-23 12:28:48;2021-01-23 12:28:48;;;;12;9;;0.00;;si;;;3;Entregado; 23 ; 12:28:48 ;23;;2
131;234;FACTURA;000371;000371;2021-01-09 21:19:52;0.18;;Registrado;2021-01-09 21:19:52;2021-01-09 21:19:52;instalación software;Instalar Microsoft Office, Winrar, Antivirus, Nitro, Adobe Reader DC;1;10;4;;0.00;;si;;;2;Entregado; 9 ; 21:19:52 ;09;;8
194;234;FACTURA;000372;000372;2021-01-26 13:31:31;0.18;;Registrado;2021-01-26 13:31:31;2021-01-26 13:31:31;;;;28;9;;0.00;;si;;;1;Entregado; 26 ; 13:31:31 ;26;;3
199;235;BOLETA;000373;000373;2021-01-19 14:54:51;0.18;;Registrado;2021-01-19 14:54:51;2021-01-19 14:54:51;;;;27;6;;0.00;;si;;;1;Entregado; 19 ; 14:54:51 ;19;;2
142;235;BOLETA;000374;000374;2021-01-28 14:55:47;0.18;;Registrado;2021-01-28 14:55:47;2021-01-28 14:55:47;;;;11;3;;0.00;;si;;;13;Entregado; 28 ; 14:55:47 ;28;;14
142;234;FACTURA;000375;000375;2021-01-21 17:31:18;0.18;;Registrado;2021-01-21 17:31:18;2021-01-21 17:31:18;;;;16;5;;0.00;;si;;;20;Entregado; 21 ; 17:31:18 ;21;Producto dañado;1
232;234;BOLETA;000376;000376;2021-01-29 18:41:29;0.18;;Registrado;2021-01-29 18:41:29;2021-01-29 18:41:29;;;;21;5;;0.00;;si;;;24;Entregado; 29 ; 18:41:29 ;29;;15
154;235;FACTURA;000377;000377;2021-01-25 16:50:16;0.18;;Registrado;2021-01-25 16:50:16;2021-01-25 16:50:16;;;;15;2;;0.00;;si;;;19;Entregado; 25 ; 16:50:16 ;25;;18
189;235;FACTURA;000378;000378;2021-01-11 22:17:11;0.18;;Registrado;2021-01-11 22:17:11;2021-01-11 22:17:11;;;;18;7;;0.00;;si;;;1;Entregado; 11 ; 22:17:11 ;11;;16
200;235;FACTURA;000379;000379;2021-01-21 20:38:58;0.18;;Registrado;2021-01-21 20:38:58;2021-01-21 20:38:58;;;;21;2;;0.00;;si;;;24;Entregado; 21 ; 20:38:58 ;21;;7
194;235;BOLETA;000380;000380;2021-01-26 14:52:35;0.18;;Registrado;2021-01-26 14:52:35;2021-01-26 14:52:35;;;;17;3;;0.00;;si;;;12;Entregado; 26 ; 14:52:35 ;26;;3
192;235;FACTURA;000381;000381;2021-01-20 15:16:29;0.18;;Registrado;2021-01-20 15:16:29;2021-01-20 15:16:29;;;;11;14;;0.00;;si;;;7;Entregado; 20 ; 15:16:29 ;20;;9
127;234;BOLETA;000382;000382;2021-01-08 11:59:39;0.18;;Registrado;2021-01-08 11:59:39;2021-01-08 11:59:39;;;;28;14;;0.00;;si;;;13;Entregado; 8 ; 11:59:39 ;08;;11
208;235;BOLETA;000383;000383;2021-01-15 19:30:39;0.18;;Registrado;2021-01-15 19:30:39;2021-01-15 19:30:39;;;;27;14;;0.00;si;si;;;7;Entregado; 15 ; 19:30:39 ;15;;18
191;235;BOLETA;000384;000384;2021-01-14 12:46:47;0.18;;Registrado;2021-01-14 12:46:47;2021-01-14 12:46:47;;;;20;9;;0.00;si;si;;;10;Entregado; 14 ; 12:46:47 ;14;;18
146;235;FACTURA;000385;000385;2021-01-12 12:39:38;0.18;;Registrado;2021-01-12 12:39:38;2021-01-12 12:39:38;;;;22;7;;0.00;;si;;;13;Entregado; 12 ; 12:39:38 ;12;;7
228;235;FACTURA;000386;000386;2021-01-23 12:18:15;0.18;;Registrado;2021-01-23 12:18:15;2021-01-23 12:18:15;;;;26;12;;0.00;;si;;;15;Entregado; 23 ; 12:18:15 ;23;;10
127;235;FACTURA;000387;000387;2021-01-18 10:19:32;0.18;;Registrado;2021-01-18 10:19:32;2021-01-18 10:19:32;;;;17;3;;0.00;si;si;;;14;Entregado; 18 ; 10:19:32 ;18;;7
223;234;BOLETA;000388;000388;2021-01-12 10:53:13;0.18;;Registrado;2021-01-12 10:53:13;2021-01-12 10:53:13;;;;11;6;;0.00;;si;;;25;Entregado; 12 ; 10:53:13 ;12;;13
198;234;FACTURA;000389;000389;2021-01-16 10:22:59;0.18;;Registrado;2021-01-16 10:22:59;2021-01-16 10:22:59;instalación software;Instalar Microsoft Office, Winrar, Antivirus, Nitro, Adobe Reader DC;1;9;8;;0.00;si;si;;;21;Entregado; 16 ; 10:22:59 ;16;;3
171;234;BOLETA;000390;000390;2021-01-17 13:13:59;0.18;;Registrado;2021-01-17 13:13:59;2021-01-17 13:13:59;;;;13;14;;0.00;;si;;;5;Entregado; 17 ; 13:13:59 ;17;;14
232;235;BOLETA;000391;000391;2021-01-26 19:13:29;0.18;;Registrado;2021-01-26 19:13:29;2021-01-26 19:13:29;instalación software;Instalar Microsoft Office, Winrar, Antivirus, Nitro, Adobe Reader DC;1;10;6;;0.00;si;si;;;7;Entregado; 26 ; 19:13:29 ;26;;4
150;235;BOLETA;000392;000392;2021-01-11 17:25:50;0.18;;Registrado;2021-01-11 17:25:50;2021-01-11 17:25:50;;;;26;7;;0.00;;si;;;1;Entregado; 11 ; 17:25:50 ;11;;17
168;234;FACTURA;000393;000393;2021-01-12 16:41:35;0.18;;Registrado;2021-01-12 16:41:35;2021-01-12 16:41:35;;;;17;14;;0.00;;si;;;12;Entregado; 12 ; 16:41:35 ;12;;13
188;235;FACTURA;000394;000394;2021-01-07 21:24:37;0.18;;Registrado;2021-01-07 21:24:37;2021-01-07 21:24:37;;;;13;13;;0.00;;si;;;25;Entregado; 7 ; 21:24:37 ;07;;2
176;235;BOLETA;000395;000395;2021-01-03 9:58:45;0.18;;Registrado;2021-01-03 9:58:45;2021-01-03 9:58:45;instalación software;Instalar Microsoft Office, Winrar, Antivirus, Nitro, Adobe Reader DC;1;8;2;;0.00;;si;;;5;Entregado; 3 ; 9:58:45 ;03;Producto defectuoso;1
138;234;BOLETA;000396;000396;2021-01-17 15:34:22;0.18;;Registrado;2021-01-17 15:34:22;2021-01-17 15:34:22;;;;18;3;;0.00;;si;;;12;Entregado; 17 ; 15:34:22 ;17;;18
179;234;FACTURA;000397;000397;2021-01-14 14:30:17;0.18;;Registrado;2021-01-14 14:30:17;2021-01-14 14:30:17;instalación software;Instalar Microsoft Office, Winrar, Antivirus, Nitro, Adobe Reader DC;1;10;1;;0.00;;si;;;15;Entregado; 14 ; 14:30:17 ;14;;13
126;235;FACTURA;000398;000398;2021-01-05 19:39:33;0.18;;Registrado;2021-01-05 19:39:33;2021-01-05 19:39:33;;;;18;10;;0.00;;si;;;14;Entregado; 5 ; 19:39:33 ;05;;7
174;235;BOLETA;000399;000399;2021-01-25 22:36:21;0.18;;Registrado;2021-01-25 22:36:21;2021-01-25 22:36:21;;;;24;11;;0.00;;si;;;16;Entregado; 25 ; 22:36:21 ;25;;18
193;235;FACTURA;000400;000400;2021-01-10 18:56:23;0.18;;Registrado;2021-01-10 18:56:23;2021-01-10 18:56:23;;;;14;13;;0.00;;si;;;4;Entregado; 10 ; 18:56:23 ;10;;8
158;234;BOLETA;000401;000401;2021-01-22 22:48:10;0.18;;Registrado;2021-01-22 22:48:10;2021-01-22 22:48:10;;;;14;1;;0.00;si;si;;;11;Entregado; 22 ; 22:48:10 ;22;Producto defectuoso;1
217;235;BOLETA;000402;000402;2021-01-01 11:22:57;0.18;;Registrado;2021-01-01 11:22:57;2021-01-01 11:22:57;;;;25;1;;0.00;;si;;;24;Entregado; 1 ; 11:22:57 ;01;;12
148;234;BOLETA;000403;000403;2021-01-09 10:44:49;0.18;;Registrado;2021-01-09 10:44:49;2021-01-09 10:44:49;;;;13;15;;0.00;si;si;;;14;Entregado; 9 ; 10:44:49 ;09;;8
196;234;FACTURA;000404;000404;2021-01-12 19:49:13;0.18;;Registrado;2021-01-12 19:49:13;2021-01-12 19:49:13;;;;26;8;;0.00;;si;;;19;Entregado; 12 ; 19:49:13 ;12;;14
131;234;FACTURA;000405;000405;2021-01-08 17:30:21;0.18;;Registrado;2021-01-08 17:30:21;2021-01-08 17:30:21;;;;24;6;;0.00;;si;;;20;Entregado; 8 ; 17:30:21 ;08;;8
194;235;FACTURA;000406;000406;2021-01-27 13:25:30;0.18;;Registrado;2021-01-27 13:25:30;2021-01-27 13:25:30;;;;11;1;;0.00;;si;;;24;Entregado; 27 ; 13:25:30 ;27;;6
161;235;BOLETA;000407;000407;2021-01-02 11:37:44;0.18;;Registrado;2021-01-02 11:37:44;2021-01-02 11:37:44;;;;13;3;;0.00;si;si;;;13;Entregado; 2 ; 11:37:44 ;02;;12
196;234;BOLETA;000408;000408;2021-01-04 17:16:15;0.18;;Registrado;2021-01-04 17:16:15;2021-01-04 17:16:15;;;;27;8;;0.00;;si;;;11;Entregado; 4 ; 17:16:15 ;04;;17
170;235;FACTURA;000409;000409;2021-01-16 21:21:21;0.18;;Registrado;2021-01-16 21:21:21;2021-01-16 21:21:21;;;;23;12;;0.00;;si;;;19;Entregado; 16 ; 21:21:21 ;16;;6
221;234;FACTURA;000410;000410;2021-01-26 19:59:56;0.18;;Registrado;2021-01-26 19:59:56;2021-01-26 19:59:56;;;;22;4;;0.00;;si;;;24;Entregado; 26 ; 19:59:56 ;26;;15
140;235;FACTURA;000411;000411;2021-01-06 16:37:15;0.18;;Registrado;2021-01-06 16:37:15;2021-01-06 16:37:15;;;;17;15;;0.00;;si;;;20;Entregado; 6 ; 16:37:15 ;06;Producto dañado;1
188;235;BOLETA;000412;000412;2021-01-15 14:19:52;0.18;;Registrado;2021-01-15 14:19:52;2021-01-15 14:19:52;instalación software;Instalar Microsoft Office, Winrar, Antivirus, Nitro, Adobe Reader DC;1;9;5;;0.00;si;si;;;19;Entregado; 15 ; 14:19:52 ;15;Producto defectuoso;1
145;235;BOLETA;000413;000413;2021-01-05 21:53:37;0.18;;Registrado;2021-01-05 21:53:37;2021-01-05 21:53:37;;;;23;15;;0.00;;si;;;17;Entregado; 5 ; 21:53:37 ;05;;8
197;235;BOLETA;000414;000414;2021-01-11 20:14:53;0.18;;Registrado;2021-01-11 20:14:53;2021-01-11 20:14:53;;;;26;12;;0.00;;si;;;2;Entregado; 11 ; 20:14:53 ;11;;3
197;234;BOLETA;000415;000415;2021-01-30 12:16:43;0.18;;Registrado;2021-01-30 12:16:43;2021-01-30 12:16:43;;;;18;11;;0.00;;si;;;14;Entregado; 30 ; 12:16:43 ;30;;10
213;234;FACTURA;000416;000416;2021-01-24 15:26:23;0.18;;Registrado;2021-01-24 15:26:23;2021-01-24 15:26:23;;;;16;14;;0.00;;si;;;8;Entregado; 24 ; 15:26:23 ;24;;5
158;234;FACTURA;000417;000417;2021-01-13 16:34:32;0.18;;Registrado;2021-01-13 16:34:32;2021-01-13 16:34:32;instalación software;Instalar Microsoft Office, Winrar, Antivirus, Nitro, Adobe Reader DC;1;10;14;;0.00;;si;;;18;Entregado; 13 ; 16:34:32 ;13;;18
180;235;BOLETA;000418;000418;2021-01-13 15:24:50;0.18;;Registrado;2021-01-13 15:24:50;2021-01-13 15:24:50;;;;16;2;;0.00;;si;;;24;Entregado; 13 ; 15:24:50 ;13;;13
177;235;BOLETA;000419;000419;2021-01-28 11:55:39;0.18;;Registrado;2021-01-28 11:55:39;2021-01-28 11:55:39;instalación software;Instalar Microsoft Office, Winrar, Antivirus, Nitro, Adobe Reader DC;1;8;6;;0.00;;si;;;11;Entregado; 28 ; 11:55:39 ;28;;9
162;234;FACTURA;000420;000420;2021-01-04 20:15:32;0.18;;Registrado;2021-01-04 20:15:32;2021-01-04 20:15:32;;;;18;2;;0.00;;si;;;4;Entregado; 4 ; 20:15:32 ;04;;4
149;234;FACTURA;000421;000421;2021-01-22 18:33:35;0.18;;Registrado;2021-01-22 18:33:35;2021-01-22 18:33:35;;;;12;15;;0.00;;si;;;9;Entregado; 22 ; 18:33:35 ;22;;15
171;234;BOLETA;000422;000422;2021-01-16 19:56:12;0.18;;Registrado;2021-01-16 19:56:12;2021-01-16 19:56:12;;;;16;5;;0.00;;si;;;6;Entregado; 16 ; 19:56:12 ;16;;3
210;235;FACTURA;000423;000423;2021-01-31 19:37:47;0.18;;Registrado;2021-01-31 19:37:47;2021-01-31 19:37:47;;;;20;15;;0.00;;si;;;16;Entregado; 31 ; 19:37:47 ;31;;13
202;234;BOLETA;000424;000424;2021-01-13 11:35:54;0.18;;Registrado;2021-01-13 11:35:54;2021-01-13 11:35:54;;;;24;15;;0.00;;si;;;17;Entregado; 13 ; 11:35:54 ;13;;14
147;235;BOLETA;000425;000425;2021-01-14 15:59:18;0.18;;Registrado;2021-01-14 15:59:18;2021-01-14 15:59:18;;;;14;13;;0.00;si;si;;;23;Entregado; 14 ; 15:59:18 ;14;;9
202;235;BOLETA;000426;000426;2021-01-20 15:36:58;0.18;;Registrado;2021-01-20 15:36:58;2021-01-20 15:36:58;;;;22;5;;0.00;;si;;;22;Entregado; 20 ; 15:36:58 ;20;;18
132;235;FACTURA;000427;000427;2021-01-10 17:27:46;0.18;;Registrado;2021-01-10 17:27:46;2021-01-10 17:27:46;;;;24;3;;0.00;;si;;;5;Entregado; 10 ; 17:27:46 ;10;;19
187;235;BOLETA;000428;000428;2021-01-06 10:36:43;0.18;;Registrado;2021-01-06 10:36:43;2021-01-06 10:36:43;;;;16;2;;0.00;;si;;;17;Entregado; 6 ; 10:36:43 ;06;;3
191;234;FACTURA;000429;000429;2021-01-14 13:15:17;0.18;;Registrado;2021-01-14 13:15:17;2021-01-14 13:15:17;instalación software;Instalar Microsoft Office, Winrar, Antivirus, Nitro, Adobe Reader DC;1;10;11;;0.00;;si;;;19;Entregado; 14 ; 13:15:17 ;14;;9
184;235;BOLETA;000430;000430;2021-01-11 10:38:13;0.18;;Registrado;2021-01-11 10:38:13;2021-01-11 10:38:13;;;;18;11;;0.00;;si;;;22;Entregado; 11 ; 10:38:13 ;11;;9
147;235;BOLETA;000431;000431;2021-01-18 22:57:35;0.18;;Registrado;2021-01-18 22:57:35;2021-01-18 22:57:35;;;;12;2;;0.00;;si;;;17;Entregado; 18 ; 22:57:35 ;18;;14
198;234;FACTURA;000432;000432;2021-01-11 18:37:44;0.18;;Registrado;2021-01-11 18:37:44;2021-01-11 18:37:44;;;;21;6;;0.00;;si;;;12;Entregado; 11 ; 18:37:44 ;11;;15
192;235;FACTURA;000433;000433;2021-01-12 15:56:28;0.18;;Registrado;2021-01-12 15:56:28;2021-01-12 15:56:28;;;;25;9;;0.00;;si;;;6;Entregado; 12 ; 15:56:28 ;12;;2
176;235;FACTURA;000434;000434;2021-01-14 15:23:48;0.18;;Registrado;2021-01-14 15:23:48;2021-01-14 15:23:48;;;;26;12;;0.00;;si;;;13;Entregado; 14 ; 15:23:48 ;14;;8
203;234;BOLETA;000435;000435;2021-01-02 13:13:31;0.18;;Registrado;2021-01-02 13:13:31;2021-01-02 13:13:31;instalación software;Instalar Microsoft Office, Winrar, Antivirus, Nitro, Adobe Reader DC;1;8;13;;0.00;;si;;;7;Entregado; 2 ; 13:13:31 ;02;;9
126;235;FACTURA;000436;000436;2021-01-30 12:14:48;0.18;;Registrado;2021-01-30 12:14:48;2021-01-30 12:14:48;;;;19;7;;0.00;;si;;;25;Entregado; 30 ; 12:14:48 ;30;;6
139;234;BOLETA;000437;000437;2021-01-24 10:27:41;0.18;;Registrado;2021-01-24 10:27:41;2021-01-24 10:27:41;;;;22;5;;0.00;;si;;;11;Entregado; 24 ; 10:27:41 ;24;;19
145;234;BOLETA;000438;000438;2021-01-07 9:37:57;0.18;;Registrado;2021-01-07 9:37:57;2021-01-07 9:37:57;;;;14;3;;0.00;;si;;;19;Entregado; 7 ; 9:37:57 ;07;;14
175;235;FACTURA;000439;000439;2021-01-25 22:20:18;0.18;;Registrado;2021-01-25 22:20:18;2021-01-25 22:20:18;;;;28;6;;0.00;;si;;;24;Entregado; 25 ; 22:20:18 ;25;;6
155;235;FACTURA;000440;000440;2021-01-08 11:49:38;0.18;;Registrado;2021-01-08 11:49:38;2021-01-08 11:49:38;;;;22;11;;0.00;;si;;;12;Entregado; 8 ; 11:49:38 ;08;;8
197;234;BOLETA;000441;000441;2021-01-28 13:54:54;0.18;;Registrado;2021-01-28 13:54:54;2021-01-28 13:54:54;;;;12;7;;0.00;;si;;;13;Entregado; 28 ; 13:54:54 ;28;;9
174;235;BOLETA;000442;000442;2021-01-04 22:22:15;0.18;;Registrado;2021-01-04 22:22:15;2021-01-04 22:22:15;;;;18;3;;0.00;;si;;;14;Entregado; 4 ; 22:22:15 ;04;;3
194;235;BOLETA;000443;000443;2021-01-26 16:49:59;0.18;;Registrado;2021-01-26 16:49:59;2021-01-26 16:49:59;;;;26;14;;0.00;si;si;;;24;Entregado; 26 ; 16:49:59 ;26;;2
150;235;FACTURA;000444;000444;2021-01-11 9:48:35;0.18;;Registrado;2021-01-11 9:48:35;2021-01-11 9:48:35;;;;26;14;;0.00;;si;;;18;Entregado; 11 ; 9:48:35 ;11;;19
199;234;BOLETA;000445;000445;2021-01-24 14:38:40;0.18;;Registrado;2021-01-24 14:38:40;2021-01-24 14:38:40;;;;27;6;;0.00;;si;;;1;Entregado; 24 ; 14:38:40 ;24;;7
134;234;BOLETA;000446;000446;2021-01-30 22:51:18;0.18;;Registrado;2021-01-30 22:51:18;2021-01-30 22:51:18;;;;28;6;;0.00;;si;;;5;Entregado; 30 ; 22:51:18 ;30;;6
134;234;BOLETA;000447;000447;2021-01-21 12:38:22;0.18;;Registrado;2021-01-21 12:38:22;2021-01-21 12:38:22;;;;24;11;;0.00;;si;;;7;Entregado; 21 ; 12:38:22 ;21;;19
164;234;FACTURA;000448;000448;2021-01-25 15:43:27;0.18;;Registrado;2021-01-25 15:43:27;2021-01-25 15:43:27;;;;17;7;;0.00;;si;;;21;Entregado; 25 ; 15:43:27 ;25;;16
134;235;BOLETA;000449;000449;2021-01-18 13:47:36;0.18;;Registrado;2021-01-18 13:47:36;2021-01-18 13:47:36;;;;24;10;;0.00;;si;;;12;Entregado; 18 ; 13:47:36 ;18;;6
227;234;BOLETA;000450;000450;2021-02-02 9:23:43;0.18;;Registrado;2021-02-02 9:23:43;2021-02-02 9:23:43;;;;20;9;;0.00;si;si;;;1;Entregado; 2 ; 9:23:43 ;02;;8
223;234;FACTURA;000451;000451;2021-02-06 13:44:30;0.18;;Registrado;2021-02-06 13:44:30;2021-02-06 13:44:30;;;;19;1;;0.00;;si;;;13;Entregado; 6 ; 13:44:30 ;06;;13
210;234;FACTURA;000452;000452;2021-02-27 14:46:13;0.18;;Registrado;2021-02-27 14:46:13;2021-02-27 14:46:13;;;;20;4;;0.00;;si;;;24;Entregado; 27 ; 14:46:13 ;27;;3
197;234;FACTURA;000453;000453;2021-02-02 12:34:10;0.18;;Registrado;2021-02-02 12:34:10;2021-02-02 12:34:10;;;;20;9;;0.00;;si;;;7;Entregado; 2 ; 12:34:10 ;02;;5
200;235;BOLETA;000454;000454;2021-02-22 16:25:36;0.18;;Registrado;2021-02-22 16:25:36;2021-02-22 16:25:36;;;;22;12;;0.00;;si;;;4;Entregado; 22 ; 16:25:36 ;22;;15
198;234;FACTURA;000455;000455;2021-02-04 21:27:51;0.18;;Registrado;2021-02-04 21:27:51;2021-02-04 21:27:51;instalación software;Instalar Microsoft Office, Winrar, Antivirus, Nitro, Adobe Reader DC;1;10;15;;0.00;si;si;;;14;Entregado; 4 ; 21:27:51 ;04;;6
191;234;FACTURA;000456;000456;2021-02-10 17:44:11;0.18;;Registrado;2021-02-10 17:44:11;2021-02-10 17:44:11;;;;16;10;;0.00;;si;;;3;Entregado; 10 ; 17:44:11 ;10;;10
177;235;FACTURA;000457;000457;2021-02-25 10:15:10;0.18;;Registrado;2021-02-25 10:15:10;2021-02-25 10:15:10;;;;23;10;;0.00;;si;;;2;Entregado; 25 ; 10:15:10 ;25;;3
209;235;BOLETA;000458;000458;2021-02-11 17:12:27;0.18;;Registrado;2021-02-11 17:12:27;2021-02-11 17:12:27;;;;12;3;;0.00;;si;;;5;Entregado; 11 ; 17:12:27 ;11;;14
185;235;FACTURA;000459;000459;2021-02-01 22:27:22;0.18;;Registrado;2021-02-01 22:27:22;2021-02-01 22:27:22;;;;21;1;;0.00;;si;;;22;Entregado; 1 ; 22:27:22 ;01;;18
224;234;BOLETA;000460;000460;2021-02-21 16:37:23;0.18;;Registrado;2021-02-21 16:37:23;2021-02-21 16:37:23;;;;28;11;;0.00;;si;;;5;Entregado; 21 ; 16:37:23 ;21;;8
215;234;FACTURA;000461;000461;2021-02-05 15:59:46;0.18;;Registrado;2021-02-05 15:59:46;2021-02-05 15:59:46;instalación software;Instalar Microsoft Office, Winrar, Antivirus, Nitro, Adobe Reader DC;1;8;12;;0.00;;si;;;7;Entregado; 5 ; 15:59:46 ;05;;6
129;235;BOLETA;000462;000462;2021-02-04 22:28:56;0.18;;Registrado;2021-02-04 22:28:56;2021-02-04 22:28:56;;;;14;2;;0.00;;si;;;5;Entregado; 4 ; 22:28:56 ;04;;13
218;234;FACTURA;000463;000463;2021-02-11 18:47:25;0.18;;Registrado;2021-02-11 18:47:25;2021-02-11 18:47:25;;;;11;1;;0.00;;si;;;18;Entregado; 11 ; 18:47:25 ;11;;14
227;234;BOLETA;000464;000464;2021-02-18 18:48:41;0.18;;Registrado;2021-02-18 18:48:41;2021-02-18 18:48:41;;;;11;12;;0.00;;si;;;9;Entregado; 18 ; 18:48:41 ;18;;16
150;235;FACTURA;000465;000465;2021-02-21 17:12:20;0.18;;Registrado;2021-02-21 17:12:20;2021-02-21 17:12:20;;;;28;11;;0.00;;si;;;18;Entregado; 21 ; 17:12:20 ;21;;4
171;234;FACTURA;000466;000466;2021-02-05 15:19:47;0.18;;Registrado;2021-02-05 15:19:47;2021-02-05 15:19:47;;;;14;14;;0.00;;si;;;1;Entregado; 5 ; 15:19:47 ;05;;10
153;234;FACTURA;000467;000467;2021-02-01 19:31:39;0.18;;Registrado;2021-02-01 19:31:39;2021-02-01 19:31:39;;;;27;5;;0.00;;si;;;17;Entregado; 1 ; 19:31:39 ;01;;13
191;234;FACTURA;000468;000468;2021-02-15 11:16:57;0.18;;Registrado;2021-02-15 11:16:57;2021-02-15 11:16:57;instalación software;Instalar Microsoft Office, Winrar, Antivirus, Nitro, Adobe Reader DC;1;10;4;;0.00;;si;;;16;Entregado; 15 ; 11:16:57 ;15;;18
206;235;FACTURA;000469;000469;2021-02-04 10:37:38;0.18;;Registrado;2021-02-04 10:37:38;2021-02-04 10:37:38;;;;21;2;;0.00;;si;;;13;Entregado; 4 ; 10:37:38 ;04;;2
127;234;FACTURA;000470;000470;2021-02-16 22:29:16;0.18;;Registrado;2021-02-16 22:29:16;2021-02-16 22:29:16;instalación software;Instalar Microsoft Office, Winrar, Antivirus, Nitro, Adobe Reader DC;1;10;8;;0.00;;si;;;13;Entregado; 16 ; 22:29:16 ;16;Producto defectuoso;1
217;234;FACTURA;000471;000471;2021-02-21 14:59:38;0.18;;Registrado;2021-02-21 14:59:38;2021-02-21 14:59:38;instalación software;Instalar Microsoft Office, Winrar, Antivirus, Nitro, Adobe Reader DC;1;10;15;;0.00;;si;;;1;Entregado; 21 ; 14:59:38 ;21;;8
224;234;BOLETA;000472;000472;2021-02-21 19:40:50;0.18;;Registrado;2021-02-21 19:40:50;2021-02-21 19:40:50;;;;18;15;;0.00;;si;;;13;Entregado; 21 ; 19:40:50 ;21;;3
130;235;FACTURA;000473;000473;2021-02-24 14:26:15;0.18;;Registrado;2021-02-24 14:26:15;2021-02-24 14:26:15;;;;19;14;;0.00;;si;;;3;Entregado; 24 ; 14:26:15 ;24;;19
222;234;FACTURA;000474;000474;2021-02-25 16:27:40;0.18;;Registrado;2021-02-25 16:27:40;2021-02-25 16:27:40;;;;13;14;;0.00;;si;;;10;Entregado; 25 ; 16:27:40 ;25;;2
179;235;FACTURA;000475;000475;2021-02-16 16:28:40;0.18;;Registrado;2021-02-16 16:28:40;2021-02-16 16:28:40;;;;25;4;;0.00;;si;;;23;Entregado; 16 ; 16:28:40 ;16;;13
225;234;BOLETA;000476;000476;2021-02-21 12:51:26;0.18;;Registrado;2021-02-21 12:51:26;2021-02-21 12:51:26;;;;17;6;;0.00;;si;;;2;Entregado; 21 ; 12:51:26 ;21;;12
228;235;FACTURA;000477;000477;2021-02-06 21:56:57;0.18;;Registrado;2021-02-06 21:56:57;2021-02-06 21:56:57;;;;16;9;;0.00;;si;;;12;Entregado; 6 ; 21:56:57 ;06;;14
170;234;FACTURA;000478;000478;2021-02-19 14:34:29;0.18;;Registrado;2021-02-19 14:34:29;2021-02-19 14:34:29;;;;15;15;;0.00;;si;;;20;Entregado; 19 ; 14:34:29 ;19;Producto dañado;1
154;235;BOLETA;000479;000479;2021-02-01 15:37:35;0.18;;Registrado;2021-02-01 15:37:35;2021-02-01 15:37:35;;;;12;2;;0.00;si;si;;;7;Entregado; 1 ; 15:37:35 ;01;;12
134;234;BOLETA;000480;000480;2021-02-01 22:19:45;0.18;;Registrado;2021-02-01 22:19:45;2021-02-01 22:19:45;;;;26;6;;0.00;;si;;;10;Entregado; 1 ; 22:19:45 ;01;;12
176;234;BOLETA;000481;000481;2021-02-09 22:42:52;0.18;;Registrado;2021-02-09 22:42:52;2021-02-09 22:42:52;;;;17;2;;0.00;;si;;;15;Entregado; 9 ; 22:42:52 ;09;;10
133;235;FACTURA;000482;000482;2021-02-20 15:55:33;0.18;;Registrado;2021-02-20 15:55:33;2021-02-20 15:55:33;instalación software;Instalar Microsoft Office, Winrar, Antivirus, Nitro, Adobe Reader DC;1;8;12;;0.00;;si;;;23;Entregado; 20 ; 15:55:33 ;20;;12
156;234;BOLETA;000483;000483;2021-02-17 15:18:34;0.18;;Registrado;2021-02-17 15:18:34;2021-02-17 15:18:34;;;;24;14;;0.00;;si;;;2;Entregado; 17 ; 15:18:34 ;17;;12
160;235;FACTURA;000484;000484;2021-02-19 12:23:41;0.18;;Registrado;2021-02-19 12:23:41;2021-02-19 12:23:41;;;;25;2;;0.00;si;si;;;12;Entregado; 19 ; 12:23:41 ;19;;14
213;235;BOLETA;000485;000485;2021-02-20 16:53:23;0.18;;Registrado;2021-02-20 16:53:23;2021-02-20 16:53:23;;;;20;14;;0.00;;si;;;7;Entregado; 20 ; 16:53:23 ;20;;11
142;235;FACTURA;000486;000486;2021-02-16 21:41:23;0.18;;Registrado;2021-02-16 21:41:23;2021-02-16 21:41:23;;;;13;15;;0.00;;si;;;8;Entregado; 16 ; 21:41:23 ;16;;12
218;235;BOLETA;000487;000487;2021-02-15 20:16:50;0.18;;Registrado;2021-02-15 20:16:50;2021-02-15 20:16:50;;;;16;15;;0.00;;si;;;11;Entregado; 15 ; 20:16:50 ;15;;9
226;234;FACTURA;000488;000488;2021-02-07 16:33:35;0.18;;Registrado;2021-02-07 16:33:35;2021-02-07 16:33:35;;;;19;5;;0.00;;si;;;4;Entregado; 7 ; 16:33:35 ;07;;18
168;234;FACTURA;000489;000489;2021-02-20 9:20:14;0.18;;Registrado;2021-02-20 9:20:14;2021-02-20 9:20:14;;;;27;5;;0.00;;si;;;10;Entregado; 20 ; 9:20:14 ;20;;10
158;235;BOLETA;000490;000490;2021-02-27 9:13:26;0.18;;Registrado;2021-02-27 9:13:26;2021-02-27 9:13:26;;;;18;13;;0.00;;si;;;3;Entregado; 27 ; 9:13:26 ;27;;3
224;235;BOLETA;000491;000491;2021-02-03 15:52:36;0.18;;Registrado;2021-02-03 15:52:36;2021-02-03 15:52:36;;;;19;11;;0.00;;si;;;12;Entregado; 3 ; 15:52:36 ;03;;2
230;234;BOLETA;000492;000492;2021-02-19 11:41:35;0.18;;Registrado;2021-02-19 11:41:35;2021-02-19 11:41:35;;;;23;6;;0.00;;si;;;5;Entregado; 19 ; 11:41:35 ;19;;12
231;235;BOLETA;000493;000493;2021-02-09 13:18:56;0.18;;Registrado;2021-02-09 13:18:56;2021-02-09 13:18:56;instalación software;Instalar Microsoft Office, Winrar, Antivirus, Nitro, Adobe Reader DC;1;9;9;;0.00;;si;;;17;Entregado; 9 ; 13:18:56 ;09;;13
206;234;FACTURA;000494;000494;2021-02-19 14:43:27;0.18;;Registrado;2021-02-19 14:43:27;2021-02-19 14:43:27;;;;29;5;;0.00;;si;;;1;Entregado; 19 ; 14:43:27 ;19;;3
200;234;BOLETA;000495;000495;2021-02-05 19:23:12;0.18;;Registrado;2021-02-05 19:23:12;2021-02-05 19:23:12;;;;16;7;;0.00;;si;;;16;Entregado; 5 ; 19:23:12 ;05;;19
137;235;FACTURA;000496;000496;2021-02-08 13:11:17;0.18;;Registrado;2021-02-08 13:11:17;2021-02-08 13:11:17;;;;13;9;;0.00;;si;;;5;Entregado; 8 ; 13:11:17 ;08;;4
168;234;FACTURA;000497;000497;2021-02-01 17:16:11;0.18;;Registrado;2021-02-01 17:16:11;2021-02-01 17:16:11;;;;24;2;;0.00;si;si;;;24;Entregado; 1 ; 17:16:11 ;01;;16
184;234;BOLETA;000498;000498;2021-02-20 10:45:39;0.18;;Registrado;2021-02-20 10:45:39;2021-02-20 10:45:39;;;;18;2;;0.00;;si;;;10;Entregado; 20 ; 10:45:39 ;20;;3
152;234;BOLETA;000499;000499;2021-02-20 18:24:50;0.18;;Registrado;2021-02-20 18:24:50;2021-02-20 18:24:50;instalación software;Instalar Microsoft Office, Winrar, Antivirus, Nitro, Adobe Reader DC;1;10;12;;0.00;;si;;;23;Entregado; 20 ; 18:24:50 ;20;;7
133;235;FACTURA;000500;000500;2021-02-28 16:41:26;0.18;;Registrado;2021-02-28 16:41:26;2021-02-28 16:41:26;;;;29;5;;0.00;;si;;;23;Entregado; 28 ; 16:41:26 ;28;;6
167;235;BOLETA;000501;000501;2021-02-25 14:13:54;0.18;;Registrado;2021-02-25 14:13:54;2021-02-25 14:13:54;;;;24;4;;0.00;;si;;;23;Entregado; 25 ; 14:13:54 ;25;;8
205;234;FACTURA;000502;000502;2021-02-14 14:30:31;0.18;;Registrado;2021-02-14 14:30:31;2021-02-14 14:30:31;;;;12;1;;0.00;;si;;;5;Entregado; 14 ; 14:30:31 ;14;;9
184;234;FACTURA;000503;000503;2021-02-13 12:38:12;0.18;;Registrado;2021-02-13 12:38:12;2021-02-13 12:38:12;;;;17;5;;0.00;;si;;;6;Entregado; 13 ; 12:38:12 ;13;;7
146;235;FACTURA;000504;000504;2021-02-14 9:14:18;0.18;;Registrado;2021-02-14 9:14:18;2021-02-14 9:14:18;;;;27;14;;0.00;;si;;;6;Entregado; 14 ; 9:14:18 ;14;;8
168;234;BOLETA;000505;000505;2021-02-11 20:28:29;0.18;;Registrado;2021-02-11 20:28:29;2021-02-11 20:28:29;instalación software;Instalar Microsoft Office, Winrar, Antivirus, Nitro, Adobe Reader DC;1;9;7;;0.00;;si;;;12;Entregado; 11 ; 20:28:29 ;11;;5
155;235;BOLETA;000506;000506;2021-02-07 10:48:42;0.18;;Registrado;2021-02-07 10:48:42;2021-02-07 10:48:42;;;;24;4;;0.00;;si;;;9;Entregado; 7 ; 10:48:42 ;07;;6
136;234;FACTURA;000507;000507;2021-02-13 22:37:11;0.18;;Registrado;2021-02-13 22:37:11;2021-02-13 22:37:11;;;;12;9;;0.00;;si;;;25;Entregado; 13 ; 22:37:11 ;13;;8
190;235;FACTURA;000508;000508;2021-02-12 21:23:11;0.18;;Registrado;2021-02-12 21:23:11;2021-02-12 21:23:11;;;;18;4;;0.00;;si;;;4;Entregado; 12 ; 21:23:11 ;12;;4
209;234;FACTURA;000509;000509;2021-02-02 18:54:36;0.18;;Registrado;2021-02-02 18:54:36;2021-02-02 18:54:36;instalación software;Instalar Microsoft Office, Winrar, Antivirus, Nitro, Adobe Reader DC;1;8;3;;0.00;;si;;;9;Entregado; 2 ; 18:54:36 ;02;;8
190;235;BOLETA;000510;000510;2021-02-25 12:12:51;0.18;;Registrado;2021-02-25 12:12:51;2021-02-25 12:12:51;;;;25;3;;0.00;;si;;;7;Entregado; 25 ; 12:12:51 ;25;;3
136;235;BOLETA;000511;000511;2021-02-26 20:55:14;0.18;;Registrado;2021-02-26 20:55:14;2021-02-26 20:55:14;;;;27;9;;0.00;;si;;;10;Entregado; 26 ; 20:55:14 ;26;Producto defectuoso;1
207;235;BOLETA;000512;000512;2021-02-19 21:53:40;0.18;;Registrado;2021-02-19 21:53:40;2021-02-19 21:53:40;instalación software;Instalar Microsoft Office, Winrar, Antivirus, Nitro, Adobe Reader DC;1;10;8;;0.00;;si;;;22;Entregado; 19 ; 21:53:40 ;19;;15
224;234;BOLETA;000513;000513;2021-02-07 18:12:15;0.18;;Registrado;2021-02-07 18:12:15;2021-02-07 18:12:15;;;;14;4;;0.00;;si;;;12;Entregado; 7 ; 18:12:15 ;07;;13
200;234;BOLETA;000514;000514;2021-02-17 11:23:55;0.18;;Registrado;2021-02-17 11:23:55;2021-02-17 11:23:55;;;;14;15;;0.00;;si;;;15;Entregado; 17 ; 11:23:55 ;17;;17
225;234;BOLETA;000515;000515;2021-02-17 14:35:10;0.18;;Registrado;2021-02-17 14:35:10;2021-02-17 14:35:10;;;;11;10;;0.00;;si;;;16;Entregado; 17 ; 14:35:10 ;17;;16
137;234;BOLETA;000516;000516;2021-02-20 16:39:26;0.18;;Registrado;2021-02-20 16:39:26;2021-02-20 16:39:26;;;;22;1;;0.00;;si;;;1;Entregado; 20 ; 16:39:26 ;20;;11
153;234;BOLETA;000517;000517;2021-02-22 15:12:27;0.18;;Registrado;2021-02-22 15:12:27;2021-02-22 15:12:27;;;;23;12;;0.00;;si;;;20;Entregado; 22 ; 15:12:27 ;22;Producto defectuoso;1
152;234;BOLETA;000518;000518;2021-02-20 21:30:10;0.18;;Registrado;2021-02-20 21:30:10;2021-02-20 21:30:10;;;;13;4;;0.00;;si;;;16;Entregado; 20 ; 21:30:10 ;20;;3
214;234;FACTURA;000519;000519;2021-02-17 14:22:44;0.18;;Registrado;2021-02-17 14:22:44;2021-02-17 14:22:44;;;;19;14;;0.00;;si;;;17;Entregado; 17 ; 14:22:44 ;17;;15
220;235;FACTURA;000520;000520;2021-02-07 9:59:29;0.18;;Registrado;2021-02-07 9:59:29;2021-02-07 9:59:29;;;;12;7;;0.00;;si;;;7;Entregado; 7 ; 9:59:29 ;07;;2
162;235;BOLETA;000521;000521;2021-02-02 14:32:34;0.18;;Registrado;2021-02-02 14:32:34;2021-02-02 14:32:34;instalación software;Instalar Microsoft Office, Winrar, Antivirus, Nitro, Adobe Reader DC;1;9;4;;0.00;;si;;;7;Entregado; 2 ; 14:32:34 ;02;;7
216;234;BOLETA;000522;000522;2021-02-24 20:10:59;0.18;;Registrado;2021-02-24 20:10:59;2021-02-24 20:10:59;;;;22;5;;0.00;;si;;;8;Entregado; 24 ; 20:10:59 ;24;;14
156;235;BOLETA;000523;000523;2021-02-28 10:48:59;0.18;;Registrado;2021-02-28 10:48:59;2021-02-28 10:48:59;;;;13;11;;0.00;;si;;;23;Entregado; 28 ; 10:48:59 ;28;;19
176;234;BOLETA;000524;000524;2021-02-03 22:51:33;0.18;;Registrado;2021-02-03 22:51:33;2021-02-03 22:51:33;;;;14;6;;0.00;si;si;;;2;Entregado; 3 ; 22:51:33 ;03;;3
176;234;BOLETA;000525;000525;2021-02-28 21:37:12;0.18;;Registrado;2021-02-28 21:37:12;2021-02-28 21:37:12;;;;28;10;;0.00;;si;;;10;Entregado; 28 ; 21:37:12 ;28;;18
171;234;BOLETA;000526;000526;2021-02-28 20:17:25;0.18;;Registrado;2021-02-28 20:17:25;2021-02-28 20:17:25;;;;29;3;;0.00;;si;;;10;Entregado; 28 ; 20:17:25 ;28;;5
154;234;FACTURA;000527;000527;2021-02-20 9:24:27;0.18;;Registrado;2021-02-20 9:24:27;2021-02-20 9:24:27;;;;27;3;;0.00;;si;;;3;Entregado; 20 ; 9:24:27 ;20;;12
